기관명,특별시도,주소,위도,경도,지역
청주고용센터,충청북도,충청북도 청주시 서원구 1순환로 642(사창동),36.634542080000,127.460301000000,충청북도 청주시
(주)맥시머스_청주지점,충청북도,충청북도 청주시 서원구 1순환로 666(사창동) 아트타워 4층,36.606122960000,127.493299500000,충청북도 청주시
(주)제니엘청주센터,충청북도,충청북도 청주시 흥덕구 2순환로 1240(강서동) 601호,36.629488550000,127.427737200000,충청북도 청주시
(주)제이비컴,충청북도,충청북도 청주시 상당구 북문로2가 사직대로 379(북문로2가) 3층 2호,36.637085100000,127.490029800000,충청북도 청주시
(주)제이비컴 충청지사,충청북도,충청북도 청주시 흥덕구 강내면 월곡길 10-4 2층,36.623601094078,127.369046029754,충청북도 청주시
(주)지에스씨넷청주지점,충청북도,충청북도 청주시 서원구 사직대로 95(사창동) 4층,36.635537450000,127.473929800000,충청북도 청주시
일하는공동체청주취업지원센터,충청북도,충청북도 청주시 흥덕구 서현북로 81(가경동) 503호,36.620228850000,127.426674200000,충청북도 청주시
스탭스(주)청주센터,충청북도,충청북도 청주시 서원구 1순환로 652-1(사창동) 3층,36.606122960000,127.493299500000,충청북도 청주시
(사)일하는공동체,충청북도,충청북도 청주시 상당구 북문로2가 상당로 156(북문로2가) 5층(구 청주시청 맞은편 버스정류장 옆),36.635148200000,127.490173200000,충청북도 청주시
행복잡고_청주점,충청북도,충청북도 청주시 상당구 교동로 9(수동) 4층,36.635789020000,127.502914000000,충청북도 청주시
옥천고용센터,충청북도,충청북도 옥천군 옥천읍 삼양로8길 4,36.303946330000,127.569670400000,충청북도 옥천군
(주)지에스씨넷옥천지점,충청북도,충청북도 옥천군 옥천읍 중앙로 61-1 2층,36.302637259243,127.569841261479,충청북도 옥천군
진천고용센터,충청북도,충청북도 진천군 덕산읍 자안로 9 삼영프라자 4층 402-403호,36.904158770769,127.534592115202,충청북도 진천군
제천고용센터,충청북도,충청북도 제천시 내토로 441(화산동),37.131700070000,128.201549400000,충청북도 제천시
(주)제이비컴 제천지사,충청북도,충청북도 제천시 풍양로 65(의림동) 4층,37.138126390000,128.208576900000,충청북도 제천시
충주고용센터,충청북도,충청북도 충주시 국원대로 13(문화동),37.008315340000,127.932012300000,충청북도 충주시
(주)제이비커리어 충주,충청북도,충청북도 충주시 계명대로 227(연수동) 3층,36.982793350000,127.939893600000,충청북도 충주시
행복잡고,충청북도,충청북도 충주시 중앙로 3(문화동) 3층,36.972813800000,127.925250500000,충청북도 충주시
한국고용지원센터,충청북도,충청북도 충주시 국원대로 7(문화동) 3층,37.008315340000,127.932012300000,충청북도 충주시
음성고용센터,충청북도,충청북도 음성군 금왕읍 무극로 213 승덕빌딩 2층,36.991299558663,127.585597345107,충청북도 음성군
행복잡고_음성점,충청북도,충청북도 음성군 금왕읍 무극로 213 3층 6호,36.991299558663,127.585597345107,충청북도 음성군
논산고용센터,충청남도,충청남도 논산시 시민로210번길 14-8(내동),36.186216370000,127.097516300000,충청남도 논산시
(주)제이비컴 논산지사,충청남도,충청남도 논산시 중앙로410번길 6(취암동) 5층,36.202036150000,127.089635400000,충청남도 논산시
공주고용센터,충청남도,충청남도 공주시 번영1로 46(신관동) 스타타워 4층,36.473566950000,127.136966500000,충청남도 공주시
인지어스유한회사 공주지사,충청남도,충청남도 공주시 번영1로 46(신관동) 3층,36.473566950000,127.136966500000,충청남도 공주시
금산고용센터,충청남도,충청남도 금산군 금산읍 인삼로 70 KT빌딩 1층,36.102311279108,127.489296417486,충청남도 금산군
천안고용센터,충청남도,"충청남도 천안시 서북구 동서대로 163(성정동) 2~5층, 9층",36.825696320000,127.130150000000,충청남도 천안시
(주)제이비커리어 천안센터,충청남도,충청남도 천안시 서북구 1공단1길 52(두정동) 339호,36.832388450000,127.147944200000,충청남도 천안시
(주)제이비컴 천안지사,충청남도,충청남도 천안시 서북구 서부5길 16(성정동) 201호,36.824648430000,127.142190600000,충청남도 천안시
(주)제이엠커리어 천안지사,충청남도,충청남도 천안시 동남구 대흥로 333(신부동) 4층 1호,36.803942760000,127.146368800000,충청남도 천안시
(주)조인스잡 천안지사,충청남도,충청남도 천안시 동남구 충절로 7(신부동) 8층,36.767473140000,127.323373300000,충청남도 천안시
(주)커리어넷 천안지사,충청남도,충청남도 천안시 동남구 만남로 40(신부동) 601호,36.820024700000,127.160408500000,충청남도 천안시
인지어스(유)천안지사,충청남도,충청남도 천안시 서북구 쌍용19로 21(쌍용동) 206호,36.794920600000,127.122389500000,충청남도 천안시
인지어스(유)당진지사,충청남도,충청남도 당진시 밤절로 140(수청동) 802호,36.901705600000,126.637618300000,충청남도 당진시
(주)한국커리어잡스,충청남도,충청남도 천안시 서북구 성정두정로 12(성정동) 306호,36.836099060000,127.141932300000,충청남도 천안시
스탭스(주) 천안센터,충청남도,충청남도 천안시 동남구 만남로 6(신부동) 701호,36.820024700000,127.160408500000,충청남도 천안시
아산고용센터,충청남도,"충청남도 아산시 시장길 29(온천동) 아산시민문화복지회관(지상 2,4층)",36.783403710000,127.002330800000,충청남도 아산시
(주)제이비커리어 아산센터,충청남도,충청남도 아산시 충무로 22(온천동) 7층,36.783081950000,127.005114700000,충청남도 아산시
(주)조인스잡 아산지사,충청남도,충청남도 아산시 온양역길 98(온천동) 3층,36.779802602246,127.004222916513,충청남도 아산시
당진고용센터,충청남도,충청남도 당진시 당진중앙1로 59(읍내동) 2층,36.899177860000,126.638546900000,충청남도 당진시
예산고용센터,충청남도,충청남도 예산군 예산읍 군청로1길 20 더예당 2층,36.679835328993,126.845478887628,충청남도 예산군
보령고용센터,충청남도,충청남도 보령시 보령남로 26(명천동),36.332768710000,126.600656900000,충청남도 보령시
(주)제이엠커리어 홍성지사,충청남도,충청남도 홍성군 홍성읍 의사로 40 301호,36.601007609045,126.671302874119,충청남도 홍성군
부여고용센터,충청남도,충청남도 부여군 부여읍 신동엽길 6 성모의원 3층,36.277458188626,126.910200148962,충청남도 부여군
서천고용센터,충청남도,충청남도 서천군 서천읍 충절로109번길 25,36.075026190000,126.695263300000,충청남도 서천군
홍성고용센터,충청남도,충청남도 홍성군 홍성읍 법원로 37,36.599727330000,126.652024000000,충청남도 홍성군
서산고용센터,충청남도,충청남도 서산시 호수공원1로 22(석남동),36.771861707528,126.452379188018,충청남도 서산시
인지어스(유) 서산지사,충청남도,충청남도 서산시 호수공원5로 31(예천동) 5층,36.774241350000,126.449693800000,충청남도 서산시
태안고용센터,충청남도,충청남도 태안군 태안읍 동백로 336 태광빌딩 2층,36.746667407264,126.306525468742,충청남도 태안군
서산상공회의소,충청남도,충청남도 서산시 읍내3로 28(읍내동) 4층,36.778580200000,126.448810300000,충청남도 서산시
제주특별자치도고용센터,제주특별자치도,제주특별자치도 제주시 중앙로165 (이도일동),33.504381216612,126.527071196480,제주특별자치도 제주시
주식회사 씨패스,제주특별자치도,제주특별자치도 제주시 중앙로 270-5(이도이동) 202호,33.495617748842,126.531989155004,제주특별자치도 제주시
제주여성인력개발센터,제주특별자치도,제주특별자치도 제주시 중앙로 165(이도일동) 4층,33.504225000000,126.526689000000,제주특별자치도 제주시
서귀포YWCA,제주특별자치도,제주특별자치도 서귀포시 부두로 3(서귀동),33.240473240000,126.564392400000,제주특별자치도 서귀포시
사회적협동조합 제주내일,제주특별자치도,제주특별자치도 제주시 서광로 157(용담일동) 4층,33.500211410000,126.508856300000,제주특별자치도 제주시
제주특별자치도고용센터 서귀포지소,제주특별자치도,"제주특별자치도 서귀포시 동홍로186 4층, 제주고용복지센터 서귀포지소 (동홍동)",33.264912378662,126.568171099185,제주특별자치도 서귀포시
제주여성인력개발센터,제주특별자치도,제주특별자치도 제주시 중앙로 165(이도일동) 4층,33.504225000000,126.526689000000,제주특별자치도 제주시
정읍고용센터,전라북도,전라북도 정읍시 수성택지3길 28(수성동),35.578290170000,126.856708500000,전라북도 정읍시
인지어스(유) 정읍지사,전라북도,전라북도 정읍시 남북로 56(수성동) 202호,35.568242380000,126.850546400000,전라북도 정읍시
전주고용센터,전라북도,전라북도 전주시 덕진구 태진로 114(진북동),35.833275350000,127.133874600000,전라북도 전주시
(사)이엘티에스연구원전주지사,전라북도,전라북도 전주시 덕진구 송천동2가 세병남로 35(송천동2가) 601호,35.870004740000,127.127565800000,전라북도 전주시
(사)한국커리어,전라북도,전라북도 전주시 덕진구 기린대로 380(금암동) 4층,35.873466370000,127.062982700000,전라북도 전주시
(주)맥시머스_전주지점,전라북도,전라북도 전주시 완산구 효자동2가 우전로 202(효자동2가) 3층,35.812426600000,127.102087700000,전라북도 전주시
(주)베스트인,전라북도,전라북도 전주시 완산구 효자동2가 홍산북로 29-5(효자동2가) 3층,35.817894974821,127.104948252019,전라북도 전주시
(주)베스트인전북지사,전라북도,전라북도 전주시 덕진구 백제대로 563-3(금암동) 2동 1층 101호,35.835534070000,127.123888900000,전라북도 전주시
(주)제이비커리어,전라북도,전라북도 전주시 완산구 효자동1가 용머리로 146(효자동1가) 3층,35.807680020000,127.132316800000,전라북도 전주시
(주)지에스씨넷전주지점,전라북도,전라북도 전주시 완산구 효자동1가 용머리로 80(효자동1가) 201호,35.806664780000,127.116695800000,전라북도 전주시
전주여성인력개발센터,전라북도,전라북도 전주시 완산구 평화동1가 장승배기로 213(평화동1가) BYC건물 3층,35.797003295351,127.135636660466,전라북도 전주시
스탭스(주)전주센터,전라북도,전라북도 전주시 덕진구 기린대로 409(금암동) 9층,35.873466370000,127.062982700000,전라북도 전주시
국제커리어센터전주지점,전라북도,전라북도 전주시 덕진구 덕진동1가 기린대로 499(덕진동1가) 1동 403호,35.840555850000,127.128113500000,전라북도 전주시
(주)휴먼제이앤씨,전라북도,전라북도 전주시 덕진구 팔달로 354(진북동),35.832847600000,127.136414700000,전라북도 전주시
남원고용센터,전라북도,전라북도 남원시 향단로 39(하정동) 1층,35.407974510000,127.382594800000,전라북도 남원시
김제고용센터,전라북도,전라북도 김제시 화동길 105(요촌동) 2층 김제고용복지+센터,35.799342770000,126.888977700000,전라북도 김제시
익산고용센터,전라북도,전라북도 익산시 익산대로52길 11(남중동),35.952100500000,126.953572400000,전라북도 익산시
(주)베스트인익산지사,전라북도,전라북도 익산시 모현동2가 배산로 193-24(모현동2가) 2층,35.955541140000,126.943409200000,전라북도 익산시
(주)제이비커리어원광보건대학교센터,전라북도,전라북도 익산시 익산대로 514(신용동) 원광보건대학교 학생성공관 1층,36.044148410000,126.958759800000,전라북도 익산시
(주)제이비커리어익산센터,전라북도,전라북도 익산시 고봉로32길 22(영등동) 4층,35.959704640000,126.973975400000,전라북도 익산시
인지어스(유)익산지사,전라북도,전라북도 익산시 무왕로 1089(영등동) 5층,35.970986750000,127.028380000000,전라북도 익산시
군산고용센터,전라북도,전라북도 군산시 조촌로 62(조촌동),35.972895190000,126.737645300000,전라북도 군산시
(주)제이비커리어군산센터,전라북도,전라북도 군산시 조촌로 38(조촌동) 2층,35.972895190000,126.737645300000,전라북도 군산시
(주)제이비커리어나운사무소,전라북도,전라북도 군산시 하나운로 76(나운동) 3층,35.963790170000,126.701230100000,전라북도 군산시
군산여성인력개발센터,전라북도,전라북도 군산시 백토로 119(나운동) 2층,35.943040110000,126.705375700000,전라북도 군산시
군산국제커리어센터,전라북도,전라북도 군산시 월명로 270(수송동) 4층,35.987380240000,126.698351300000,전라북도 군산시
(주)휴먼제이앤씨군산대사무소,전라북도,전라북도 군산시 대학로 558(미룡동) 2학생회관 4층,35.945601100000,126.680236500000,전라북도 군산시
(주)휴먼제이앤씨 군산지사,전라북도,전라북도 군산시 하나운로 27(나운동),35.963790170000,126.701230100000,전라북도 군산시
부안고용센터,전라북도,전라북도 부안군 부안읍 번영로 145 2층,35.726341512227,126.736426927205,전라북도 부안군
고창고용센터,전라북도,전라북도 고창군 고창읍 중앙로 330,35.435172840000,126.698777800000,전라북도 고창군
나주고용센터,전라남도,전라남도 나주시 이창1길 39 나주시 일자리종합지원센터 1층,34.996396129945,126.709825931954,전라남도 나주시
영광고용센터,전라남도,전라남도 영광군 영광읍 물무로2길 61,35.277973762075,126.511840376809,전라남도 영광군
화순고용센터,전라남도,전라남도 화순군 화순읍 충의로 100,35.055350390000,126.992783200000,전라남도 화순군
목포고용센터,전라남도,전라남도 목포시 평화로 5(상동),34.796486360000,126.432839700000,전라남도 목포시
(유)중앙잡커리어,전라남도,전라남도 목포시 백년대로 285(상동) 세한대학교교육원 501호,34.803591323155,126.418907210981,전라남도 목포시
(주)서남취업센터,전라남도,전라남도 목포시 비파로 21(상동) -,34.804178530000,126.426005900000,전라남도 목포시
(사)전남고용노동연구원,전라남도,전라남도 목포시 영산로 118(호남동) 2층,34.792857650000,126.386794800000,전라남도 목포시
케이잡스목포지사,전라남도,전라남도 목포시 평화로 3(상동) 2층,34.796486360000,126.432839700000,전라남도 목포시
목포국제커리어센터,전라남도,전라남도 목포시 백년대로375번길 1(옥암동) 4층,34.807413475160,126.427226870788,전라남도 목포시
내일엔목포대,전라남도,전라남도 무안군 청계면 도림길 74 208호,34.909490534968,126.430720724713,전라남도 무안군
내일엔목포,전라남도,전라남도 목포시 백년대로 383(옥암동) 3층,34.798720650000,126.390937900000,전라남도 목포시
해남고용센터,전라남도,전라남도 해남군 해남읍 중앙1로 61,34.574476250000,126.591272200000,전라남도 해남군
무안고용센터,전라남도,전라남도 무안군 무안읍 성안길 26 1층,34.989844593385,126.476786417110,전라남도 무안군
영암고용센터,전라남도,전라남도 영암군 영암읍 농암로 36 1층,34.796528735032,126.698063407031,전라남도 영암군
순천고용센터,전라남도,전라남도 순천시 충효로 147(조례동),34.946540040000,127.514489700000,전라남도 순천시
(사)일미래 전남지사,전라남도,전라남도 순천시 장명로 33(장천동) 3층,34.950991420000,127.488247600000,전라남도 순천시
케이잡스 순천지사,전라남도,전라남도 순천시 이수로 276(조례동) 가동 2층 2호,34.949259890000,127.505248000000,전라남도 순천시
순천국제커리어센터,전라남도,전라남도 순천시 중앙로 278(석현동) 4층,34.954979840000,127.484020800000,전라남도 순천시
순천YWCA여성인력개발센터,전라남도,전라남도 순천시 유동1길 14(조례동),34.953286800000,127.516821500000,전라남도 순천시
광양고용센터,전라남도,"전라남도 광양시 중마로 410(마동) 커뮤니티센터 8층, 9층",34.946543800000,127.702946500000,전라남도 광양시
(사)광양만권일자리사업단,전라남도,전라남도 광양시 불로로 123(중동) -,34.944741249289,127.692639774370,전라남도 광양시
케이잡스 광양지사,전라남도,전라남도 광양시 중마중앙로 49(중동) 3층,34.934583919545,127.697755053549,전라남도 광양시
여수고용센터,전라남도,전라남도 여수시 웅천북로 33(웅천동),34.752045850000,127.674173000000,전라남도 여수시
케이잡스 여수지사,전라남도,전라남도 여수시 문수로 15(문수동) 2층,34.749815396630,127.699067681540,전라남도 여수시
여수YWCA여성인력개발센터,전라남도,전라남도 여수시 시청로 34(학동) 이레타운 4층,34.784286330000,127.662656000000,전라남도 여수시
(사)광양만권일자리사업단,전라남도,전라남도 광양시 불로로 123(중동),34.944214860000,127.695503700000,전라남도 광양시
인천고용센터,인천광역시,인천광역시 남동구 문화로 131(구월동),37.447086050000,126.699287500000,인천광역시 남동구
(사)한국고용서비스진흥원 인천점,인천광역시,인천광역시 미추홀구 주안로 113(주안동) 3층,37.464078580000,126.680074800000,인천광역시 미추홀구
(주)제니엘인천지점,인천광역시,인천광역시 남동구 인주대로 580(구월동) 5층,37.448513770000,126.729037900000,인천광역시 남동구
(주)지에스씨넷인천지점,인천광역시,인천광역시 미추홀구 경인로 119(숭의동) 11층,37.458015230000,126.687619700000,인천광역시 미추홀구
(주)커리어넷 인천주안지사,인천광역시,"인천광역시 미추홀구 주안로 86(주안동) 2층 201,202호",37.464078580000,126.680074800000,인천광역시 미추홀구
휴먼잡트러스트,인천광역시,인천광역시 연수구 새말로96번길 26(연수동) -,37.418437400000,126.679220700000,인천광역시 연수구
채움에이치알디,인천광역시,인천광역시 남동구 문화로 135(구월동) -,37.451135963122,126.699539144847,인천광역시 남동구
주식회사이노스잡,인천광역시,인천광역시 남동구 청능대로 583(논현동) 901호,37.399271100000,126.701224600000,인천광역시 남동구
제이엠커리어 인천지사,인천광역시,인천광역시 남동구 인주대로 596(구월동) -,37.448098770000,126.737033100000,인천광역시 남동구
잡모아 인천남부지점,인천광역시,인천광역시 연수구 벚꽃로 96(청학동) -,37.418117800000,126.676606400000,인천광역시 연수구
인지어스(유)인천지사,인천광역시,인천광역시 남동구 문화로 147(구월동) 501호,37.447086050000,126.699287500000,인천광역시 남동구
맥시머스 인천지점,인천광역시,인천광역시 남동구 구월로 243(구월동) -,37.456284714054,126.717671911178,인천광역시 남동구
(주)채움에이치알디(송도지사),인천광역시,"인천광역시 연수구 송도과학로16번길 13-18(송도동) 732,734,735호",37.381020695503,126.660813360073,인천광역시 연수구
(주)미래서비스,인천광역시,인천광역시 연수구 벚꽃로 106(청학동) 504호,37.417676850000,126.677220500000,인천광역시 연수구
인천북부고용센터,인천광역시,인천광역시 계양구 장제로 804(계산동) 영산빌딩 2층~5층,37.539509300000,126.734997600000,인천광역시 계양구
(사)한국고용복지센터 인천북부,인천광역시,인천광역시 계양구 계양대로 214(계산동) 에이스타운 306호,37.543048538866,126.723035805222,인천광역시 계양구
(주)스탭스 인천북부센터,인천광역시,인천광역시 부평구 부흥로 265(부평동) 403호,37.498933470000,126.717616000000,인천광역시 부평구
(주)맥시머스 부평지점,인천광역시,인천광역시 부평구 부평대로 152(부평동) 208호,37.521444350000,126.721931900000,인천광역시 부평구
(주)지에스씨넷 인천북부지점,인천광역시,인천광역시 부평구 경원대로 1414(부평동) 5층,37.491369050000,126.723586000000,인천광역시 부평구
(주)채움에이치알디 부평지사,인천광역시,인천광역시 부평구 갈월서로 4(갈산동) 3층,37.510382930000,126.723385700000,인천광역시 부평구
인지어스(유) 인천북부지사,인천광역시,인천광역시 계양구 경명대로 1058(계산동) 201호,37.544491130000,126.746945500000,인천광역시 계양구
국제커리어센터 인천부평,인천광역시,인천광역시 부평구 경원대로1377번길 4(부평동) 3층,37.493210050000,126.722233500000,인천광역시 부평구
(주)휴먼잡트러스트 계양지점,인천광역시,인천광역시 계양구 계산새로65번길 15(계산동) 3층,37.539581050000,126.735321400000,인천광역시 계양구
인천서부고용센터,인천광역시,인천광역시 서구 이음1로 389 에이플러스빌딩 4~8층,37.594982022030,126.716540104645,인천광역시 서구
(주)명은커리어 인천서부지사,인천광역시,인천광역시 서구 원당대로 626(당하동) 4층,37.593624814065,126.670575048256,인천광역시 서구
(주)잡모아 인천서부지점,인천광역시,인천광역시 서구 탁옥로 55(심곡동) 303호,37.544125900000,126.675836900000,인천광역시 서구
(주)채움에이치알디 인천서부지사,인천광역시,인천광역시 서구 염곡로 472(가정동) 703호,37.526841944136,126.669734937140,인천광역시 서구
사회적협동조합일터와사람들 서부지사,인천광역시,인천광역시 서구 서곶로301번길 7(심곡동) 6층,37.544463400000,126.675740300000,인천광역시 서구
(주)휴먼잡트러스트 인천서구지점,인천광역시,인천광역시 서구 서곶로 281(심곡동) 2층,37.542627200000,126.676372600000,인천광역시 서구
강화고용센터,인천광역시,인천광역시 강화군 강화읍 강화대로 395 준프라자 5층,37.745391034450,126.486820066719,인천광역시 강화군
(주)지에스씨넷 인천지점,인천광역시,"인천광역시 미추홀구 경인로 119(숭의동) 1101,1102호",37.458015230000,126.687619700000,인천광역시 미추홀구
(주)휴먼잡트러스트,인천광역시,인천광역시 연수구 새말로96번길 26(연수동) 4층,37.418437400000,126.679220700000,인천광역시 연수구
울산고용센터,울산광역시,울산광역시 남구 화합로 106(삼산동),35.534338339057,129.341320190258,울산광역시 남구
(사)울산사회경제연구원,울산광역시,울산광역시 남구 삼산로35번길 19(신정동) 6층,35.535402810000,129.310842500000,울산광역시 남구
(주)두원잡 울산지사,울산광역시,울산광역시 남구 삼산로 37(신정동) 701호,35.539937900000,129.345910400000,울산광역시 남구
(주)맥시머스_울산중부지점,울산광역시,울산광역시 중구 젊음의2거리 29(성남동) 1301호,35.552926810000,129.320618100000,울산광역시 중구
(주)아이앤제이커리어컨설팅센터 중구지사,울산광역시,울산광역시 중구 젊음의2거리 29(성남동) 502호,35.552926810000,129.320618100000,울산광역시 중구
(주)위더스,울산광역시,울산광역시 남구 북부순환도로 17(무거동) 1312호,35.550268250000,129.263908100000,울산광역시 남구
(주)제니엘울산센터,울산광역시,울산광역시 동구 방어진순환도로 1132(서부동) 4층,35.513664690000,129.431556900000,울산광역시 동구
(주)좋은일자리,울산광역시,울산광역시 남구 수암로 5(신정동) 3층,35.526753930000,129.325147600000,울산광역시 남구
(주)좋은일자리 동구지사,울산광역시,울산광역시 동구 방어진순환도로 678(일산동) 3층,35.513664690000,129.431556900000,울산광역시 동구
(주)좋은일자리 북부센터,울산광역시,울산광역시 북구 상방로 130(연암동) 2층,35.581025990000,129.362849800000,울산광역시 북구
(주)좋은일자리 서부센터,울산광역시,울산광역시 울주군 범서읍 굴화1길 60 2층,35.556186690794,129.260382680422,울산광역시 울주군
(주)지에스씨넷울산지점,울산광역시,울산광역시 남구 화합로 198(삼산동) 3층,35.542274596172,129.339783496484,울산광역시 남구
퍼스트인잡(주)울산사무소,울산광역시,울산광역시 중구 번영로 576(남외동) 4층,35.562622330000,129.333556000000,울산광역시 중구
스탭스(주)울산센터,울산광역시,울산광역시 남구 화합로 138(삼산동) 702호,35.534720380000,129.340900300000,울산광역시 남구
사단법인울산YWCA,울산광역시,울산광역시 남구 삼호로 81(무거동),35.549726010000,129.269978900000,울산광역시 남구
(주)케이잡스 울산지사,울산광역시,울산광역시 북구 호계로 286(호계동) 2층,35.628676900000,129.351239600000,울산광역시 북구
세종고용센터,세종특별자치시,세종특별자치시 조치원읍 터미널안길 60,36.601502750000,127.303225600000,세종특별자치시 조치원읍
(주)맥시머스 세종지점,세종특별자치시,세종특별자치시 가름로 232(어진동) A동 333호,36.495658200000,127.265483400000,세종특별자치시 가름로
(주)지에스씨넷 세종지점,세종특별자치시,세종특별자치시 한누리대로 583(도담동),36.515281641504,127.258483131910,세종특별자치시 한누리대로
서울강남고용센터,서울특별시,서울특별시 강남구 테헤란로 410(대치동) 8~10F,37.504556500000,127.050760200000,서울특별시 강남구
(주)스카우트,서울특별시,서울특별시 강남구 언주로 431(역삼동) -,37.501905300000,127.042767800000,서울특별시 강남구
(주)이음길에이치알,서울특별시,서울특별시 강남구 테헤란로 419(삼성동),37.505886500000,127.052161400000,서울특별시 강남구
(주)커리어넷 서울강남지사,서울특별시,서울특별시 강남구 테헤란로43길 10(역삼동) -,37.503895200000,127.044173200000,서울특별시 강남구
국제커리어센터 서울강남지점,서울특별시,서울특별시 강남구 테헤란로22길 11(역삼동) -,37.499238800000,127.035329300000,서울특별시 강남구
사단법인 한국직업지도진흥원 강남센터,서울특별시,서울특별시 강남구 테헤란로44길 5(역삼동) 5층,37.502588100000,127.044894500000,서울특별시 강남구
인지어스 유한회사 강남지사,서울특별시,서울특별시 강남구 테헤란로 311(역삼동),37.503836400000,127.044857400000,서울특별시 강남구
주식회사 맥시머스,서울특별시,서울특별시 강남구 논현로 503(역삼동),37.501279100000,127.036209800000,서울특별시 강남구
사단법인 한국직업지도진흥원 강남센터,서울특별시,서울특별시 강남구 테헤란로44길 5(역삼동) -,37.502588100000,127.044894500000,서울특별시 강남구
(사)한국고용복지센터 서울동부,서울특별시,"서울특별시 강동구 천호대로 1120(성내동, 엘아이지건영리가 주상복합) -",37.538032840000,127.125107500000,서울특별시 강동구
(주)대신능력개발취업센터,서울특별시,서울특별시 강동구 양재대로 1377(성내동),37.537502500000,127.139872900000,서울특별시 강동구
(주)잡모아 천호지점,서울특별시,서울특별시 강동구 올림픽로 620(성내동),37.548456490000,127.127533800000,서울특별시 강동구
국제커리어센터 서울동부,서울특별시,"서울특별시 강동구 올림픽로 660(천호동, 천호엘크루주상복합) -",37.548456490000,127.127533800000,서울특별시 강동구
(주)에듀잡컨설팅,서울특별시,서울특별시 강북구 오패산로 396-1(번동),37.611926210000,127.035213700000,서울특별시 강북구
(주)커리어넷 서울북부지사,서울특별시,서울특별시 강북구 숭인로 63(미아동) -,37.612635777222,127.028644578066,서울특별시 강북구
강북성북고용센터,서울특별시,"서울특별시 강북구 도봉로 136(미아동) 풍양빌딩 2층,3층,6층,8층,10층",37.622799410000,127.027511900000,서울특별시 강북구
서울강서고용센터,서울특별시,서울특별시 강서구 양천로57길 10-10(가양동) 탐라영재관 2~3층,37.564014470000,126.852710100000,서울특별시 강서구
(주)미래고용정보 서울남부지사,서울특별시,서울특별시 강서구 강서로 385(마곡동),37.538356390000,126.842729500000,서울특별시 강서구
(주)커리어넷 서울남부지사,서울특별시,서울특별시 강서구 마곡중앙6로 93(마곡동) -,37.559955000000,126.837801400000,서울특별시 강서구
스탭스(주) 서울남부센터,서울특별시,서울특별시 강서구 강서로 391(마곡동),37.538356390000,126.842729500000,서울특별시 강서구
인지어스(유)남부지사,서울특별시,서울특별시 강서구 강서로 200(화곡동),37.544095500000,126.838316300000,서울특별시 강서구
(주)맥시머스 서울관악지점,서울특별시,서울특별시 관악구 남부순환로 1838(봉천동),37.480489500000,126.954037300000,서울특별시 관악구
(주)잡모아 관악지점,서울특별시,서울특별시 관악구 남부순환로 1797(봉천동),37.481884900000,126.949926800000,서울특별시 관악구
사단법인 한국고용협회,서울특별시,서울특별시 관악구 봉천로 227(봉천동) -,37.490027600000,126.927105600000,서울특별시 관악구
사회적협동조합내일로 서울지점,서울특별시,서울특별시 관악구 남부순환로 1630(신림동) 시양빌딩 501호,37.484229900000,126.931777100000,서울특별시 관악구
사회적협동조합내일로 서울지점,서울특별시,서울특별시 관악구 남부순환로 1630(신림동),37.484229900000,126.931777100000,서울특별시 관악구
(주)스카우트 동부지사,서울특별시,서울특별시 광진구 동일로 116(화양동),37.535823530000,127.060609200000,서울특별시 광진구
(주)유니에스 동부센터,서울특별시,서울특별시 광진구 능동로 275(군자동),37.554619600000,127.077704100000,서울특별시 광진구
서울관악고용센터,서울특별시,서울특별시 구로구 디지털로34길 27(구로동) 2-3층,37.485015420000,126.897868500000,서울특별시 구로구
(주)지에스씨넷 서울구로지점,서울특별시,서울특별시 구로구 디지털로 285(구로동),37.484486991118,126.894506052909,서울특별시 구로구
국제커리어센터 서울관악지점,서울특별시,서울특별시 구로구 디지털로33길 11(구로동) -,37.485675200000,126.895480500000,서울특별시 구로구
사단법인 한국취업능력개발원,서울특별시,서울특별시 구로구 디지털로33길 27(구로동) 305호,37.486560100000,126.894715200000,서울특별시 구로구
스탭스(주) 구로센터,서울특별시,서울특별시 구로구 디지털로30길 31(구로동) 302호,37.482565050000,126.895890000000,서울특별시 구로구
케이잡스 관악지사,서울특별시,서울특별시 구로구 개봉로23가길 70(개봉동) 2층,37.494827644499,126.859818382428,서울특별시 구로구
(사)한국직업지도진흥원 관악센터,서울특별시,서울특별시 금천구 가산디지털1로 168(가산동),37.478701250000,126.882333100000,서울특별시 금천구
서울북부고용센터,서울특별시,서울특별시 노원구 노해로 450(상계동) 해청빌딩,37.654327160000,127.061910100000,서울특별시 노원구
노원사회적경제협의회,서울특별시,서울특별시 노원구 동일로 1379(상계동),37.689107000000,127.055338500000,서울특별시 노원구
노원여성인력개발센터,서울특별시,서울특별시 노원구 공릉로 187(공릉동),37.626405000000,127.079093100000,서울특별시 노원구
사단법인 한국고용복지센터(서울북부점),서울특별시,서울특별시 노원구 동일로192길 20(공릉동),37.626216320000,127.074497500000,서울특별시 노원구
사단법인한국직업지도진흥원노원센터,서울특별시,서울특별시 노원구 동일로218길 17(상계동),37.653796440000,127.062124600000,서울특별시 노원구
인지어스 유한회사 북부지사,서울특별시,서울특별시 노원구 노원로 483(상계동),37.653238860000,127.067747900000,서울특별시 노원구
(주)잡모아 북부지점,서울특별시,서울특별시 도봉구 마들로11길 25(창동),37.652813600000,127.049735200000,서울특별시 도봉구
(주)제이엠커리어 북부지사,서울특별시,서울특별시 도봉구 노해로 397-15(창동),37.650605200000,127.030848100000,서울특별시 도봉구
국제커리어센터 서울북부,서울특별시,서울특별시 도봉구 노해로65길 17(창동),37.651967650000,127.045067100000,서울특별시 도봉구
삶터사회적협동조합(위드잡북부지사),서울특별시,서울특별시 도봉구 도봉로 499(쌍문동),37.679317760000,127.045165500000,서울특별시 도봉구
(사)한국직업지도진흥원 동대문센터,서울특별시,서울특별시 동대문구 왕산로 225(청량리동) -,37.582019900000,127.047148900000,서울특별시 동대문구
(주)유니에스 회기센터,서울특별시,서울특별시 동대문구 이문로 38(휘경동),37.592627490000,127.058093000000,서울특별시 동대문구
(주)제니엘 서울중부센터,서울특별시,서울특별시 동대문구 왕산로 4(신설동),37.581103700000,127.048452400000,서울특별시 동대문구
(주)메이크인 동작지사,서울특별시,서울특별시 동작구 상도로 285(상도1동),37.502166462523,126.948888349189,서울특별시 동작구
(주)제이엠커리어 관악지사,서울특별시,서울특별시 동작구 상도로37길 77(상도동),37.497678400000,126.953382900000,서울특별시 동작구
(주)커리어넷 서울관악지사,서울특별시,서울특별시 동작구 여의대방로 286(대방동),37.514601040000,126.926991000000,서울특별시 동작구
서울서부고용센터,서울특별시,서울특별시 마포구 마포대로 63-8(도화동),37.542220000000,126.947916600000,서울특별시 마포구
(주)유니에스서부센터,서울특별시,서울특별시 마포구 마포대로 49(도화동),37.540849800000,126.946931500000,서울특별시 마포구
(주)제이엠커리어_서울서부,서울특별시,서울특별시 마포구 만리재로 15(공덕동) -,37.544566000000,126.952704500000,서울특별시 마포구
(주)채움에이치알디서울서부지사,서울특별시,서울특별시 마포구 신촌로 270(아현동) 601호,37.557430900000,126.956120900000,서울특별시 마포구
서울시중부여성발전센터,서울특별시,서울특별시 마포구 토정로35길 17(용강동) 서울시중부여성발전센터,37.540500140000,126.944250900000,서울특별시 마포구
(주)잡모아서부지점,서울특별시,서울특별시 서대문구 신촌로 21(창천동) -,37.558066200000,126.929318300000,서울특별시 서대문구
(주)커리어넷_서울서부지사,서울특별시,서울특별시 서대문구 이화여대1안길 3(대현동) -,37.557845700000,126.944573000000,서울특별시 서대문구
서초고용센터,서울특별시,서울특별시 서초구 반포대로 43(서초동),37.512736030000,126.997445100000,서울특별시 서초구
(사)국제직업능력개발교류협회,서울특별시,서울특별시 서초구 동작대로 62(방배동),37.481979300000,126.982318100000,서울특별시 서초구
(주)지에스씨넷 서울지점,서울특별시,서울특별시 서초구 강남대로41길 8(서초동),37.487283900000,127.031965000000,서울특별시 서초구
(사)한국취업능력개발원,서울특별시,서울특별시 성동구 성수동2가 연무장11길 15(성수동2가),37.543397200000,127.057280000000,서울특별시 성동구
(주)제이엠커리어 서울숲센터,서울특별시,서울특별시 성동구 성수동1가 왕십리로 58(성수동1가),37.542611150000,127.045422100000,서울특별시 성동구
성동광진고용센터,서울특별시,서울특별시 성동구 성수동2가 연무장길 76(성수동2가) 1~2층 (성수 AK밸리),37.541524100000,127.057565300000,서울특별시 성동구
(주)한국직업개발원,서울특별시,서울특별시 성동구 성수동1가 상원12길 30(성수동1가),37.550040000000,127.050663400000,서울특별시 성동구
(주)커리어넷성신여대사무소,서울특별시,서울특별시 성북구 보문로34다길 2(돈암동),37.592564970000,127.021027300000,서울특별시 성북구
주식회사내일능력개발원,서울특별시,"서울특별시 성북구 동소문로44길 17(하월곡동, 성북힐스테이트)",37.606257430000,127.029149400000,서울특별시 성북구
서울동부고용센터,서울특별시,서울특별시 송파구 중대로 135(가락동) IT벤처타워 동관 3~5층,37.495095965481,127.122426977874,서울특별시 송파구
(주)맥시머스 서울동부지점,서울특별시,서울특별시 송파구 송이로 135,37.502553230000,127.116831500000,서울특별시 송파구
(주)커리어넷 서울동부지사,서울특별시,서울특별시 송파구 중대로 150(가락동) -,37.495497664773,127.124381477590,서울특별시 송파구
(주)코리아잡스원 서울지점,서울특별시,서울특별시 송파구 중대로 105(가락동),37.491202870000,127.115978900000,서울특별시 송파구
(주)유니에스남부센터,서울특별시,서울특별시 양천구 목동로21길 1(신정동),37.525221310000,126.861436300000,서울특별시 양천구
(주)잡모아,서울특별시,서울특별시 양천구 오목로 180(신정동) -,37.524023090000,126.853989000000,서울특별시 양천구
(주)티이에스 남부센터,서울특별시,서울특별시 양천구 목동로 211(신정동) -,37.520251900000,126.866568800000,서울특별시 양천구
(주)잡모아,서울특별시,서울특별시 양천구 오목로 180(신정동),37.524983151521,126.857399540927,서울특별시 양천구
서울남부고용센터,서울특별시,서울특별시 영등포구 선유로 120(양평동1가),37.537453110000,126.897947900000,서울특별시 영등포구
(주)리부트코리아 서울센터,서울특별시,서울특별시 영등포구 영신로19길 28(영등포동),37.514264300000,126.907245200000,서울특별시 영등포구
(주)제이엠커리어,서울특별시,서울특별시 영등포구 문래동3가 경인로 775(문래동3가) -,37.514754100000,126.898947500000,서울특별시 영등포구
국제커리어센터 서울남부,서울특별시,서울특별시 영등포구 당산동6가 당산로49길 12-1(당산동6가) -,37.536120988472,126.901786481347,서울특별시 영등포구
사회적협동조합내일로 영등포센터,서울특별시,서울특별시 영등포구 당산동3가 당산로33길 7(당산동3가),37.527549340000,126.895201300000,서울특별시 영등포구
영등포여성인력개발센터,서울특별시,서울특별시 영등포구 영등포동6가 영중로 61(영등포동6가),37.522259190000,126.904742500000,서울특별시 영등포구
재단법인 서울현대교육재단,서울특별시,서울특별시 영등포구 당산동6가 양평로12길 13(당산동6가) -,37.535898585216,126.900665744587,서울특별시 영등포구
재단법인 피플,서울특별시,서울특별시 영등포구 양평동1가 선유로28길 6(양평동1가) -,37.524192700000,126.891303200000,서울특별시 영등포구
사회적협동조합 내일로 영등포센터,서울특별시,서울특별시 영등포구 당산동3가 당산로33길 7(당산동3가) -,37.527549340000,126.895201300000,서울특별시 영등포구
용산여성인력개발센터,서울특별시,서울특별시 용산구 청파로 139-21(신계동) -,37.546656670000,126.970254600000,서울특별시 용산구
국제커리어센터서울서부지점,서울특별시,서울특별시 은평구 진흥로 77(역촌동) 5층,37.608506810000,126.928782600000,서울특별시 은평구
은평여성인력개발센터,서울특별시,서울특별시 은평구 녹번로 76(녹번동),37.604727510000,126.928251600000,서울특별시 은평구
인지어스_유한회사_서부지사,서울특별시,"서울특별시 은평구 수색로 217-1(증산동, 디엠씨 자이2단지) 403호",37.589308740000,126.885542500000,서울특별시 은평구
퍼스트인잡서울서부사무소,서울특별시,서울특별시 은평구 은평로 52(신사동) -,37.598468050000,126.913671100000,서울특별시 은평구
퍼스트인잡 서울서부사무소,서울특별시,서울특별시 은평구 은평로 52(신사동),37.598468050000,126.913671100000,서울특별시 은평구
(주)커리어넷 서울종합지사,서울특별시,서울특별시 종로구 종로5가 종로 207(종로5가) -,37.570857030000,127.000839500000,서울특별시 종로구
사단법인 여성중앙회 종로여성인력개발센터,서울특별시,서울특별시 종로구 명륜4가 대학로11길 23(명륜4가),37.582109200000,127.000379200000,서울특별시 종로구
(사)한국경영혁신중소기업협회,서울특별시,서울특별시 종로구 종로 413(숭인동),37.576213000000,127.022496300000,서울특별시 종로구
서울고용센터,서울특별시,"서울특별시 중구 삼일대로 363(장교동) 1~4층, 10층",37.567894800000,126.987871100000,서울특별시 중구
(주)메이크인,서울특별시,서울특별시 중구 광희동2가 퇴계로 344(광희동2가),37.564351400000,127.009929300000,서울특별시 중구
(주)잡모아 동대문지점,서울특별시,서울특별시 중구 마른내로 136(쌍림동),37.564434000000,127.003267700000,서울특별시 중구
(주)지오코칭,서울특별시,서울특별시 중구 필동2가 퇴계로 202(필동2가),37.560923500000,126.993906900000,서울특별시 중구
스탭스(주),서울특별시,서울특별시 중구 동호로 228(신당동),37.558143000000,127.008490400000,서울특별시 중구
(주)한국직업개발원 중부지사,서울특별시,서울특별시 중구 퇴계로73길 31(신당동),37.566621700000,127.013788500000,서울특별시 중구
사단법인 한국취업능력개발원 중랑점,서울특별시,서울특별시 중랑구 중랑역로 62(중화동) -,37.598913767440,127.078105801132,서울특별시 중랑구
중랑여성인력개발센터,서울특별시,서울특별시 중랑구 망우로32길 20(상봉동) -,37.592685520000,127.076797200000,서울특별시 중랑구
퍼스트인잡서울사무소,서울특별시,서울특별시 중랑구 면목로 481(상봉동),37.594547110000,127.085995900000,서울특별시 중랑구
부산고용센터,부산광역시,부산광역시 부산진구 중앙대로 993(양정동),35.178037100000,129.074582400000,부산광역시 부산진구
(주)두원잡 부산사무소,부산광역시,부산광역시 연제구 월드컵대로 122(연산동) 그린빌딩 4층,35.188170300000,129.059977600000,부산광역시 연제구
(주)두원잡 부산중부사무소,부산광역시,부산광역시 중구 중앙동4가 해관로 60(중앙동4가) 2층,35.103136370000,129.035619500000,부산광역시 중구
(주)빛솔인재개발원 사하지점,부산광역시,부산광역시 사하구 낙동남로 1400(하단동) 3층 301호,35.109699840000,128.936742500000,부산광역시 사하구
(주)에듀인잡컨설팅,부산광역시,"부산광역시 남구 용소로8번길 48(대연동) 2,3층",35.135655700000,129.097876000000,부산광역시 남구
(주)이음길에이치알 부산지사,부산광역시,부산광역시 연제구 중앙대로 1117(연산동) 7층,35.187209400000,129.081767400000,부산광역시 연제구
(주)잡플랜컨설팅,부산광역시,부산광역시 부산진구 중앙대로 747-1(부전동) -,35.157210060000,129.059263600000,부산광역시 부산진구
(주)잡플랜컨설팅 하단취업센터,부산광역시,"부산광역시 사하구 낙동남로 1423(하단동, 태영빌딩) 3층",35.109699840000,128.936742500000,부산광역시 사하구
(주)제니엘 부산지점,부산광역시,부산광역시 부산진구 중앙대로775번길 5(부전동) 8층 7호,35.162421420000,129.061234300000,부산광역시 부산진구
(주)지에스씨넷 부산지점,부산광역시,"부산광역시 남구 수영로 304(대연동, 대승타워) 801호",35.136783400000,129.099523900000,부산광역시 남구
퍼스트인잡(주) 부산사무소,부산광역시,부산광역시 동구 범일로 102(범일동) 9층,35.136258650000,129.059417600000,부산광역시 동구
주식회사 위드온라,부산광역시,부산광역시 부산진구 가야대로 586(가야동) 7층,35.157495610000,129.051039600000,부산광역시 부산진구
인지어스(유)부산지사,부산광역시,부산광역시 부산진구 중앙대로 899(양정동) 2층,35.157210060000,129.059263600000,부산광역시 부산진구
스탭스(주)부산센터,부산광역시,"부산광역시 사하구 낙동대로 301(괴정동, 일동지에닌) 207호",35.107525480000,129.009183900000,부산광역시 사하구
부산희망리본 사회적협동조합 사하지점,부산광역시,부산광역시 사하구 승학로 51(당리동) 3층,35.102260650000,128.994035300000,부산광역시 사하구
부산희망리본 사회적협동조합,부산광역시,부산광역시 연제구 거제천로 89(거제동) 8층,35.189624050000,129.078605400000,부산광역시 연제구
국제커리어센터 부산남구,부산광역시,부산광역시 남구 수영로 237(대연동) 701호,35.135401600000,129.092642900000,부산광역시 남구
부산사하고용센터,부산광역시,부산광역시 사하구 낙동남로 1400(하단동) 정우헤리티지 빌딩 8~10층,35.105813602244,128.964678818051,부산광역시 사하구
부산동부고용센터,부산광역시,부산광역시 수영구 수영로 676(광안동),35.146772870000,129.110204500000,부산광역시 수영구
(주)두원잡 부산동부사무소,부산광역시,부산광역시 동래구 아시아드대로 239(온천동),35.198611490000,129.065189200000,부산광역시 동래구
(주)맥시머스 부산동부지점,부산광역시,부산광역시 수영구 수영로 690-5(광안동) 1001호,35.146772870000,129.110204500000,부산광역시 수영구
(주)소암,부산광역시,부산광역시 금정구 중앙대로1719번길 23(부곡동) 501호,35.237826860000,129.090377900000,부산광역시 금정구
(주)스마트소셜,부산광역시,부산광역시 동래구 충렬대로 176(명륜동) 2층,35.201904570000,129.083428500000,부산광역시 동래구
(주)지에스씨넷 부산동부지점,부산광역시,부산광역시 수영구 수영로 690-5(광안동) 1401호,35.146772870000,129.110204500000,부산광역시 수영구
(주)취업인,부산광역시,부산광역시 금정구 금정로 77-1(장전동) 2층,35.231625057899,129.086397323371,부산광역시 금정구
(주)취업인 해운대지점,부산광역시,부산광역시 해운대구 세실로69번길 15(좌동) 1001호,35.171513400000,129.175995200000,부산광역시 해운대구
(주)커리어넷 부산남산지사,부산광역시,부산광역시 금정구 중앙대로 2029(남산동) 4층,35.265563184581,129.092145680697,부산광역시 금정구
(주)커리어넷 부산동부지사,부산광역시,부산광역시 수영구 수영로 724-1(광안동) 2층,35.140486450000,129.106381500000,부산광역시 수영구
해운대여성인력개발센터,부산광역시,부산광역시 해운대구 해운대로 575(우동) 6~8층,35.175073860000,129.131180200000,부산광역시 해운대구
퍼스트인잡(주)동래사무소,부산광역시,부산광역시 동래구 명륜로 90(수안동) 3층,35.199244630000,129.084672800000,부산광역시 동래구
퍼스트인잡(주)금정사무소,부산광역시,부산광역시 금정구 부산대학로 23(장전동) 3층,35.231028700000,129.090393200000,부산광역시 금정구
퍼스트인잡(주),부산광역시,부산광역시 해운대구 해운대로 407(우동) 802호,35.167832400000,129.140599900000,부산광역시 해운대구
스탭스(주)부산동부센터,부산광역시,부산광역시 동래구 명륜로 141(명륜동) 6층,35.206505034757,129.081883465100,부산광역시 동래구
(주)커리어다움,부산광역시,부산광역시 금정구 금정로 55(장전동) 6층,35.244132510000,129.090781100000,부산광역시 금정구
부산북부고용센터,부산광역시,부산광역시 북구 화명대로 9(화명동),35.234887790000,129.019537700000,부산광역시 북구
(주)가이드잡부산북부지사,부산광역시,부산광역시 사상구 사상로 208-1(괘법동) 티오피10층,35.155255660000,128.991642500000,부산광역시 사상구
(주)두원잡 덕천사무소,부산광역시,부산광역시 북구 금곡대로 28(덕천동) 2층,35.244463690000,129.013053000000,부산광역시 북구
(주)두원잡 사상사무소,부산광역시,부산광역시 사상구 사상로 208-1(괘법동) 1102호,35.155255660000,128.991642500000,부산광역시 사상구
(주)두원잡 주례사무소,부산광역시,부산광역시 사상구 가야대로 348(주례동) KL빌딩9층,35.151110600000,129.009348000000,부산광역시 사상구
장선종합사회복지관,부산광역시,부산광역시 북구 만덕대로 21(덕천동) 9층,35.212855600000,129.040053000000,부산광역시 북구
인지어스(유) 부산북부지사,부산광역시,부산광역시 북구 만덕대로 13(덕천동) 6층,35.212855600000,129.040053000000,부산광역시 북구
(주)빛솔인재개발원,부산광역시,부산광역시 북구 화명대로 31(화명동) 704호,35.234887790000,129.019537700000,부산광역시 북구
(주)맥시머스 부산지점,부산광역시,부산광역시 북구 만덕대로 35(덕천동) 8층,35.211170500000,129.008790300000,부산광역시 북구
(주)맥시머스 동서대지점,부산광역시,부산광역시 사상구 가야대로 370(주례동) 11층,35.150997501472,129.012915859183,부산광역시 사상구
GCD인재개발원 냉정지사,부산광역시,부산광역시 사상구 가야대로 370(주례동) 10층 2호,35.151110600000,129.009348000000,부산광역시 사상구
(주)가이드잡 부산북부지사,부산광역시,부산광역시 사상구 사상로 208-1(괘법동) 티오피 10층,35.155255660000,128.991642500000,부산광역시 사상구
(주)두원잡,부산광역시,부산광역시 사상구 대동로 303(감전동) 1212호,35.142147400000,128.983798900000,부산광역시 사상구
대전고용센터,대전광역시,대전광역시 서구 문정로 56(탄방동),36.346448350000,127.385513900000,대전광역시 서구
(주)데일리잡,대전광역시,"대전광역시 서구 둔산로31번길 65(둔산동) 2층,3층",36.353288080000,127.378602500000,대전광역시 서구
(주)메이크인_대전지사,대전광역시,대전광역시 유성구 대학로 44(봉명동) 602호,36.360898470000,127.348975900000,대전광역시 유성구
(주)제니엘 대전지점,대전광역시,대전광역시 서구 계룡로553번길 24(탄방동),36.343547540000,127.385066100000,대전광역시 서구
(주)제이비커리어 대전중구센터,대전광역시,대전광역시 중구 대종로 484(은행동) 4층,36.327787900000,127.426787700000,대전광역시 중구
(주)제이엠커리어 대전지사,대전광역시,대전광역시 중구 대종로 509(선화동) 소청 1번가 2층,36.329383864337,127.424573668315,대전광역시 중구
케이잡스(주) 유성지사,대전광역시,대전광역시 유성구 대학로 53(봉명동) 202호,36.360898470000,127.348975900000,대전광역시 유성구
인지어스(유) 대전지사,대전광역시,대전광역시 서구 둔산로31번길 72(둔산동) 702호,36.353288080000,127.378602500000,대전광역시 서구
사회적협동조합 희망이음터,대전광역시,대전광역시 중구 선화로22번길 50(용두동) 3층,36.324858840000,127.412864300000,대전광역시 중구
대전YWCA여성인력개발센터,대전광역시,대전광역시 서구 계룡로 636(용문동),36.342608760000,127.386360900000,대전광역시 서구
국제커리어센터 대전지점,대전광역시,대전광역시 동구 대전로 771(원동) 303호,36.311718880000,127.444259000000,대전광역시 동구
(주)제이비커리어 대전센터,대전광역시,"대전광역시 유성구 대학로 82(궁동) 404, 405호",36.360905100000,127.344809100000,대전광역시 유성구
(주)이음길에이치알 대전지사,대전광역시,대전광역시 중구 중앙로 76(대흥동) 1001호,36.324848847926,127.420091378559,대전광역시 중구
(주)한국커리어잡스 대전지사,대전광역시,대전광역시 서구 문정로90번길 21(탄방동) 3층,36.343966320000,127.388387000000,대전광역시 서구
(사)대덕이노폴리스벤처협회,대전광역시,대전광역시 유성구 갑천로 361-17(탑립동) 209~212호,36.433203180000,127.395956800000,대전광역시 유성구
(사)대전충남경영자총협회,대전광역시,대전광역시 중구 계백로 1712(문화동) 6층,36.317256070000,127.392762100000,대전광역시 중구
대구서부고용센터,대구광역시,대구광역시 서구 서대구로 9(내당동),35.863184600000,128.557557900000,대구광역시 서구
(주)에스에이치피 대구사무소,대구광역시,대구광역시 달서구 성서로 377(이곡동) 3층,35.857231010000,128.507411800000,대구광역시 달서구
(주)일로이룸 달서취업지원센터,대구광역시,대구광역시 달서구 용산로 124(감삼동) 3층,35.860131750000,128.530630000000,대구광역시 달서구
(주)일로이룸 서부취업지원센터,대구광역시,대구광역시 달서구 월배로 222(상인동) 써브웨이3층(상인역4번출구),35.830740680000,128.551485100000,대구광역시 달서구
(주)제이엠커리어 대구서부지사,대구광역시,대구광역시 서구 달구벌대로 1773(내당동) 7층,35.858194080000,128.558096100000,대구광역시 서구
(주)지에스씨넷 대구서부지점,대구광역시,대구광역시 달서구 월곡로 267-1(상인동) 2층,35.824606670000,128.531267800000,대구광역시 달서구
(주)지에스씨넷 대구지점,대구광역시,대구광역시 서구 달구벌대로 1747(내당동) 6층,35.858194080000,128.558096100000,대구광역시 서구
(주)커리어넷 대구서부지사,대구광역시,대구광역시 서구 달구벌대로 1733(내당동) 2층,35.858194080000,128.558096100000,대구광역시 서구
(주)커리어스타 달서지점,대구광역시,대구광역시 달서구 월배로 203(상인동) 4층,35.820508580000,128.542233700000,대구광역시 달서구
(주)행복인디제이 달서지사,대구광역시,대구광역시 남구 대명로 6(대명동) 11층,35.837336700000,128.558226100000,대구광역시 남구
달구벌여성인력개발센터,대구광역시,대구광역시 서구 달구벌대로337길 9(내당동),35.855442690000,128.549877400000,대구광역시 서구
스탭스(주) 대구서부센터,대구광역시,대구광역시 달서구 용산로 141(용산동) 304호,35.860131750000,128.530630000000,대구광역시 달서구
대구달성고용센터,대구광역시,대구광역시 달성군 논공읍 논공중앙로34길 1,35.727710680000,128.454931700000,대구광역시 달성군
(주)일로이룸달성취업지원센터,대구광역시,대구광역시 달성군 화원읍 비슬로 2494 2층,35.799498808450,128.491079192806,대구광역시 달성군
(주)커리어스타 달성지점,대구광역시,대구광역시 달성군 현풍읍 테크노상업로 48,35.692082040000,128.453507800000,대구광역시 달성군
대구고용센터,대구광역시,대구광역시 수성구 동대구로 392(범어동),35.841883340000,128.624063000000,대구광역시 수성구
(주)이음길에이치알 대구지사,대구광역시,대구광역시 중구 국채보상로 582(남일동) 12층,35.870615500000,128.594314700000,대구광역시 중구
(주)일로이룸 수성취업지원센터,대구광역시,대구광역시 수성구 달구벌대로 3177(매호동) 5층,35.841326440085,128.704560179184,대구광역시 수성구
(주)제니엘대구지점,대구광역시,대구광역시 수성구 수성동1가 수성로 367-2(수성동1가) 5층,35.850218790000,128.613180800000,대구광역시 수성구
(주)지에스씨넷 대구수성지점,대구광역시,대구광역시 수성구 달구벌대로528길 6(만촌동),35.856096650000,128.650206800000,대구광역시 수성구
(주)커리어넷 대구지사,대구광역시,대구광역시 중구 동성로3가 중앙대로 385-1(동성로3가) 2층,35.871492990000,128.594122100000,대구광역시 중구
(주)행복인디제이,대구광역시,대구광역시 중구 국채보상로 535(수동) 태남빌딩 4층,35.870504000000,128.590647300000,대구광역시 중구
대구강북고용센터,대구광역시,대구광역시 북구 칠곡중앙대로 318(태전동),35.931624650000,128.548282100000,대구광역시 북구
(주)두원잡 대구강북사무소,대구광역시,대구광역시 북구 칠곡중앙대로 332(태전동) B동 4층,35.940449050000,128.550643400000,대구광역시 북구
(주)일로이룸 강북취업지원센터,대구광역시,"대구광역시 북구 칠곡중앙대로 312(태전동, 강북 화성파크드림) 107동 201호 202호",35.931624650000,128.548282100000,대구광역시 북구
(주)일로이룸 동천취업지원센터,대구광역시,대구광역시 북구 학정로 415(동천동) 402호,35.941802400000,128.562948300000,대구광역시 북구
(주)지에스씨넷 대구북구지점,대구광역시,대구광역시 북구 칠성동2가 옥산로 95(칠성동2가) 304호,35.884248720000,128.586027200000,대구광역시 북구
(주)커리어스타 복현점,대구광역시,대구광역시 북구 공항로 3(복현동) 5층,35.898779070000,128.620616800000,대구광역시 북구
대구동부고용센터,대구광역시,대구광역시 동구 아양로 22(신암동),35.882055780000,128.618611600000,대구광역시 동구
(주)일로이룸 동부취업지원센터,대구광역시,대구광역시 동구 아양로 18(신암동),35.882055780000,128.618611600000,대구광역시 동구
(주)일로이룸 이룸취업지원센터,대구광역시,대구광역시 동구 안심로 280(동호동) 3층,35.865675550006,128.715171801196,대구광역시 동구
(주)제이엠커리어 대구지사,대구광역시,대구광역시 동구 동부로22길 2(신천동) 503호,35.876161350000,128.626759000000,대구광역시 동구
국제커리어센터 대구동부,대구광역시,대구광역시 동구 동대구로 591(신암동) -,35.879094290000,128.627037100000,대구광역시 동구
스탭스(주)대구동부센터,대구광역시,대구광역시 동구 아양로 28(신암동) 4층,35.882055780000,128.618611600000,대구광역시 동구
(주)일로이룸 동부취업지원센터,대구광역시,대구광역시 동구 아양로 18(신암동) 4층,35.882055780000,128.618611600000,대구광역시 동구
광주고용센터,광주광역시,광주광역시 북구 금남로 121(북동),35.155402076975,126.908173446256,광주광역시 북구
(사)지역고용정책연구원,광주광역시,광주광역시 남구 금당로1번길 4(진월동) 2층,35.116664550000,126.897408400000,광주광역시 남구
(사)지역고용정책연구원 보건대사무소,광주광역시,광주광역시 광산구 장신로 280-16(신창동) 2층,35.194956990000,126.846066200000,광주광역시 광산구
(주)맥시머스 광주지점,광주광역시,광주광역시 서구 상무대로 773(치평동) 세정아울렛 3층 301호~303-2호,35.146604850000,126.847111900000,광주광역시 서구
(주)스카우트 광주지사,광주광역시,광주광역시 서구 죽봉대로 37(화정동) 704호,35.161331150000,126.883516300000,광주광역시 서구
(주)제니엘 광주지점,광주광역시,광주광역시 서구 상무중앙로 9(치평동) 1801호,35.147777550000,126.847903000000,광주광역시 서구
(주)제이엠커리어 광주지사,광주광역시,광주광역시 광산구 첨단중앙로 152(쌍암동) 5층,35.218799526912,126.842379679070,광주광역시 광산구
(주)지에스씨넷 광주광산지점,광주광역시,광주광역시 광산구 임방울대로 342(수완동) 602호,35.190367350000,126.824286500000,광주광역시 광산구
주식회사 베스트인 광주지사,광주광역시,광주광역시 동구 예술길 31-15(대의동),35.149881121781,126.919809624046,광주광역시 동구
(주)커리어코칭연구소,광주광역시,광주광역시 북구 서방로 89(우산동) 빌리오네 BD 3층,35.171241200000,126.922327000000,광주광역시 북구
인지어스(유)광주지사,광주광역시,광주광역시 북구 금남로 80(유동) 7층,35.157211815577,126.904200531030,광주광역시 북구
스탭스(주)광주광산구센터,광주광역시,광주광역시 광산구 하남대로 150(월곡동) 304호,35.179549070000,126.816668000000,광주광역시 광산구
스탭스(주) 서영사무소,광주광역시,광주광역시 북구 동운로213번길 31(운암동) 2층,35.175231100000,126.873510500000,광주광역시 북구
북구국제커리어센터,광주광역시,"광주광역시 북구 서방로9번길 27(중흥동) 2층,3층",35.174756800000,126.914222400000,광주광역시 북구
내일엔광주,광주광역시,광주광역시 서구 대남대로 465(농성동) 604호,35.151479168985,126.885412406267,광주광역시 서구
국제커리어센터(조선대),광주광역시,광주광역시 동구 필문대로273번길 3(동명동) 3층,35.145461700000,126.930403900000,광주광역시 동구
국제커리어센터,광주광역시,광주광역시 남구 대남대로 159(봉선동) 6층,35.134035240000,126.911722400000,광주광역시 남구
광주광산고용센터,광주광역시,광주광역시 광산구 하남대로 154(월곡동),35.179549070000,126.816668000000,광주광역시 광산구
(사)광주경영자총협회,광주광역시,광주광역시 서구 상무대로 943(쌍촌동) 4층,35.141253310000,126.837601400000,광주광역시 서구
칠곡고용센터,경상북도,경상북도 칠곡군 왜관읍 중앙로 146,35.993235370000,128.399068400000,경상북도 칠곡군
(주)일로이룸 왜관취업지원센터,경상북도,경상북도 칠곡군 왜관읍 관문로 33 2층,35.987696566649,128.398460516760,경상북도 칠곡군
칠곡상공회의소,경상북도,경상북도 칠곡군 왜관읍 중앙로 146 2층,35.987921933573,128.399527743821,경상북도 칠곡군
(주)경북경영자총협회 영천사무소,경상북도,경상북도 영천시 보목2길 11(야사동) 1층,35.971312920000,128.941621600000,경상북도 영천시
(주)에스에이치피 경산사무소,경상북도,경상북도 경산시 경안로 205(중방동) 4층,35.810149440000,128.740401400000,경상북도 경산시
(주)일로이룸 경산1취업지원센터,경상북도,경상북도 경산시 경안로 226(중방동) 3층,35.827691698096,128.736603372745,경상북도 경산시
(주)일로이룸 하양취업지원센터,경상북도,경상북도 경산시 하양읍 하양로 69 4층 404-3호,35.911529320999,128.816072960784,경상북도 경산시
(주)지에스씨넷 경산하양지점,경상북도,경상북도 경산시 하양읍 대경로 669-7() 보광빌 2층,35.922902080000,128.840401000000,경상북도 경산시
(주)지에스씨넷경산지점,경상북도,경상북도 경산시 중앙로 77(중방동) 5층,35.820347090000,128.729735600000,경상북도 경산시
영천고용센터,경상북도,경상북도 영천시 금완로 63(완산동),35.960465100000,128.933074700000,경상북도 영천시
포항고용센터,경상북도,경상북도 포항시 북구 중흥로 221(죽도동),36.027016680000,129.361415100000,경상북도 포항시
(주)아이비잡스,경상북도,경상북도 포항시 북구 용당로 66(용흥동),36.032529250000,129.358641500000,경상북도 포항시
(주)아이비잡스 선린대학교사무소,경상북도,경상북도 포항시 북구 서동로 90(여천동) 4층,36.043169770000,129.359747200000,경상북도 포항시
(주)아이비잡스 포항대학교사무소,경상북도,경상북도 포항시 북구 천마로71번길 6(양덕동) 3층,36.082969620000,129.394418400000,경상북도 포항시
(주)지에스씨넷포항지점,경상북도,경상북도 포항시 북구 중흥로 232(죽도동) 501호,36.027016680000,129.361415100000,경상북도 포항시
스탭스(주)포항센터,경상북도,경상북도 포항시 남구 중흥로 73(상도동) 601호,36.009927090000,129.347814400000,경상북도 포항시
인지어스(유)포항남구지사,경상북도,경상북도 포항시 남구 중흥로 98(상도동) 6층,36.009927090000,129.347814400000,경상북도 포항시
경주고용센터,경상북도,"경상북도 경주시 원화로 396(동천동) 3,7,8층",35.862262330000,129.221373900000,경상북도 경주시
(주)일로이룸 경주취업지원센터,경상북도,경상북도 경주시 원화로 378(동천동) 3층,35.862262330000,129.221373900000,경상북도 경주시
(주)지에스씨넷 경주성건지점,경상북도,경상북도 경주시 금성로 421(성건동) 2층,35.819194500000,129.206158100000,경상북도 경주시
인지어스(유) 경주지사,경상북도,경상북도 경주시 화랑로 94(동부동),35.844746830000,129.203874200000,경상북도 경주시
구미고용센터,경상북도,경상북도 구미시 백산로 118(송정동),36.123115950000,128.338797800000,경상북도 구미시
(사)경북경영자총협회 구미사무소,경상북도,경상북도 구미시 구미대로 350-27(신평동) 구미시종합비즈니스지원센터 307호,36.104303130000,128.362906300000,경상북도 구미시
(사)구미중소기업협의회,경상북도,경상북도 구미시 구미대로 350-27(신평동) 구미시종합비즈니스지원센터407호,36.104303130000,128.362906300000,경상북도 구미시
(주)경북고용성장지원센터,경상북도,경상북도 구미시 야은로 366(도량동) -,36.131707430000,128.341886400000,경상북도 구미시
(주)일로이룸 구미취업지원센터,경상북도,경상북도 구미시 송원서로 35(송정동) 고려빌딩 3층,36.126269400000,128.344670400000,경상북도 구미시
(주)지에스씨넷 구미지점,경상북도,경상북도 구미시 송원서로2길 15(원평동) -,36.122933580000,128.346431100000,경상북도 구미시
구미여성인력개발센터,경상북도,경상북도 구미시 송원서로8길 53(원평동) -,36.124448470000,128.347855900000,경상북도 구미시
스탭스(주)구미센터,경상북도,경상북도 구미시 옥계북로 5(옥계동) 3층,36.138206430000,128.423128500000,경상북도 구미시
인지어스(유)구미지사,경상북도,경상북도 구미시 인동가산로 14(진평동) 401호,36.096139800000,128.429549400000,경상북도 구미시
주식회사 에스에이치피,경상북도,경상북도 구미시 송원서로 29(송정동) 2층,36.126269400000,128.344670400000,경상북도 구미시
김천고용센터,경상북도,경상북도 김천시 신양2길 46(신음동),36.136196452504,128.116356214630,경상북도 김천시
(사)경북경영자총협회 김천사무소,경상북도,경상북도 김천시 신양길 19(신음동) 2층,36.135687440000,128.115937700000,경상북도 김천시
(주)지에스씨넷 김천지점,경상북도,경상북도 김천시 충효길 95(성내동) 3층,36.124088750000,128.119285100000,경상북도 김천시
영주고용센터,경상북도,경상북도 영주시 번영로 88(휴천동),36.824780770000,128.625067700000,경상북도 영주시
(주)지에스씨넷 영주지점,경상북도,경상북도 영주시 대학로 35(휴천동) 6층,36.809740590000,128.621816000000,경상북도 영주시
문경고용센터,경상북도,"경상북도 문경시 매봉1길 67(모전동) 문경시산림조합 3,4층",36.588173610000,128.185193100000,경상북도 문경시
(주)지에스씨넷 문경지점,경상북도,경상북도 문경시 당교로 250(모전동) 2층,36.585174140000,128.185402000000,경상북도 문경시
상주고용센터,경상북도,경상북도 상주시 왕산로 155(남성동),36.419642470000,128.162509700000,경상북도 상주시
(주)지에스씨넷 상주지점,경상북도,경상북도 상주시 중앙로 193(서성동) 5층,36.416304400000,128.155606200000,경상북도 상주시
안동고용센터,경상북도,경상북도 안동시 경동로 400(태화동),36.551737170000,128.777478800000,경상북도 안동시
(주)일로이룸취업지원센터,경상북도,경상북도 안동시 송하2길 49-16(송현동) 501호,36.570023430000,128.695219000000,경상북도 안동시
(주)지에스씨넷안동지점,경상북도,경상북도 안동시 광명로 264(태화동) 5층,36.565903442430,128.711180227049,경상북도 안동시
의성고용센터,경상북도,경상북도 의성군 의성읍 문소3길 102-1 4층(진주빌딩),36.355002579930,128.694579710610,경상북도 의성군
예천고용센터,경상북도,경상북도 예천군 예천읍 봉덕로 26 동창한우마을 빌딩 2층,36.650120304848,128.442031117813,경상북도 예천군
마산고용센터,경상남도,경상남도 창원시 마산회원구 3·15대로 628(석전동) 무학빌딩 3~5층,35.230817150000,128.577376800000,경상남도 창원시
(주)아이비잡스 마산지점,경상남도,경상남도 창원시 마산회원구 양덕로 160(양덕동) 4층 405호,35.224228010000,128.590626900000,경상남도 창원시
(주)제이엠커리어 마산지사,경상남도,경상남도 창원시 마산합포구 해안대로 2(해운동) 901호,35.194892120000,128.571056400000,경상남도 창원시
(사)경남산업기술진흥법인 창원마산사무소,경상남도,경상남도 창원시 마산회원구 3·15대로 664 청암빌딩 3층,35.232138749684,128.578195262388,경상남도 창원시
(주)경남취업지원센터,경상남도,경상남도 창원시 마산회원구 3·15대로 629 2층,35.229815618704,128.575554699060,경상남도 창원시
복음취업센터마산,경상남도,경상남도 창원시 마산회원구 3·15대로 628 10층,35.229250937447,128.576002127215,경상남도 창원시
창원고용센터,경상남도,경상남도 창원시 성산구 마디미서로 60(상남동) 창원고용복지+센터(1~7층),35.222059120000,128.682216300000,경상남도 창원시
(사)경남산업기술진흥법인,경상남도,경상남도 창원시 성산구 마디미로 2(상남동) 미도빌딩 4-5층,35.222227590000,128.684404200000,경상남도 창원시
(주)두원잡 창원지사,경상남도,경상남도 창원시 성산구 용지로 64(중앙동) 901호,35.221680870695,128.676024567582,경상남도 창원시
(주)맥시머스 창원지점,경상남도,경상남도 창원시 성산구 용지로 94(중앙동) 7층 709호,35.229494800000,128.681914900000,경상남도 창원시
(주)제이엠커리어 창원지사,경상남도,경상남도 창원시 성산구 창원대로 754(외동) 3층,35.215368350000,128.672769700000,경상남도 창원시
케이잡스 창원지사,경상남도,경상남도 창원시 성산구 창이대로664번길 1(사파동) 3층,35.223569440000,128.697168100000,경상남도 창원시
주식회사 키움커리어,경상남도,경상남도 창원시 의창구 퇴촌로25번길 6-16(사림동) 2층,35.242828520000,128.687669700000,경상남도 창원시
주식회사 케이엔잡,경상남도,경상남도 창원시 성산구 용지로 149(용호동) 2층,35.229494800000,128.681914900000,경상남도 창원시
복음취업센터,경상남도,경상남도 창원시 성산구 상남로 71(상남동) 502호,35.221657140000,128.681201100000,경상남도 창원시
함안고용센터,경상남도,경상남도 함안군 가야읍 남경길 32 함안메디컬센터 4층,35.278723936784,128.409593847469,경상남도 함안군
창녕고용센터,경상남도,경상남도 창녕군 창녕읍 군청길 18 성동빌딩 9층,35.542533281360,128.492062789942,경상남도 창녕군
김해고용센터,경상남도,경상남도 김해시 호계로 441(부원동) -,35.220404930000,128.886105100000,경상남도 김해시
(주)두원잡 김해지사,경상남도,경상남도 김해시 호계로 411(부원동) 901호,35.220404930000,128.886105100000,경상남도 김해시
(주)맥시머스 김해지점,경상남도,경상남도 김해시 가락로30번길 13(부원동) 304~305호,35.229329190000,128.883601100000,경상남도 김해시
(주)지앤제이커리어,경상남도,경상남도 김해시 장유로 232(부곡동) 703호,35.176560150000,128.827823500000,경상남도 김해시
퍼스트인잡(주) 김해지점,경상남도,경상남도 김해시 가락로 26(부원동) 801호,35.232677660000,128.881742300000,경상남도 김해시
주식회사 케이엔잡 김해지사,경상남도,경상남도 김해시 내외중앙로 44(외동) 601호,35.234378810000,128.866731300000,경상남도 김해시
인지어스(유) 김해지사,경상남도,경상남도 김해시 호계로 418(부원동) 301호,35.220404930000,128.886105100000,경상남도 김해시
복음취업센터 김해사무소,경상남도,경상남도 김해시 호계로 411(부원동) 201호,35.220404930000,128.886105100000,경상남도 김해시
밀양고용센터,경상남도,"경상남도 밀양시 백민로 69(내이동) 2층, 4층",35.500098410000,128.746176400000,경상남도 밀양시
양산고용센터,경상남도,경상남도 양산시 중부로 10(중부동),35.339212270000,129.030863000000,경상남도 양산시
(주)경남취업지원센터양산지사,경상남도,경상남도 양산시 양산역로 105(중부동) 602호,35.334225650000,129.028919700000,경상남도 양산시
(주)두원잡양산사무소,경상남도,경상남도 양산시 양산역로 103(중부동) 402호,35.334225650000,129.028919700000,경상남도 양산시
(주)잡앤아스양산지사,경상남도,경상남도 양산시 삽량로 199(중부동) 205호,35.330568060000,129.014543000000,경상남도 양산시
(주)잡앤아스웅상지사,경상남도,경상남도 양산시 덕계로 148(평산동) 6층,35.371926140000,129.149190600000,경상남도 양산시
(주)잡인피플컨설팅양산지사,경상남도,경상남도 양산시 중앙로 164(북부동) 2층,35.344668570000,129.038415200000,경상남도 양산시
진주고용센터,경상남도,경상남도 진주시 진양호로 563(장대동),35.193346170000,128.090887200000,경상남도 진주시
퍼스트인잡 진주사무소,경상남도,경상남도 진주시 동진로 34(칠암동) 4층 408호,35.179621410000,128.109225700000,경상남도 진주시
주식회사 제이엠커리어 진주지사,경상남도,"경상남도 진주시 진주대로 888(칠암동) 301,302호",35.203220440000,128.051143000000,경상남도 진주시
주식회사 두원잡 진주지사,경상남도,경상남도 진주시 진주대로 1044(동성동) 2층,35.203220440000,128.051143000000,경상남도 진주시
사단법인 한국커리어 진주지사,경상남도,경상남도 진주시 진주대로 528(가좌동) 501호,35.203220440000,128.051143000000,경상남도 진주시
복음취업센터 진주지사,경상남도,경상남도 진주시 진양호로 568-1(장대동) 5층,35.187731240000,128.070604700000,경상남도 진주시
하동고용센터,경상남도,경상남도 하동군 진교면 민다리안길 61-3,35.027934270000,127.902236900000,경상남도 하동군
거창고용센터,경상남도,경상남도 거창군 거창읍 송정8길 6,35.680953536949,127.906046878977,경상남도 거창군
사천고용센터,경상남도,경상남도 사천시 사천읍 옥산로 113 4층,35.079123592284,128.095365778891,경상남도 사천시
통영고용센터,경상남도,경상남도 통영시 광도면 죽림1로 69,34.876947523067,128.420641104399,경상남도 통영시
사단법인 한국커리어경남지사,경상남도,경상남도 통영시 무전대로 23(무전동) 2층,34.860541450000,128.423403000000,경상남도 통영시
(주)한국커리어잡스 통영지사,경상남도,경상남도 통영시 광도면 죽림4로 8 204호,34.886314339105,128.416005882289,경상남도 통영시
거제고용센터,경상남도,경상남도 거제시 서문로5길 6(고현동) 우형빌딩 3층,34.889266200000,128.621042400000,경상남도 거제시
(주)제이엠커리어거제지사,경상남도,경상남도 거제시 거제중앙로31길 11(고현동) 3층,34.890301950000,128.620910800000,경상남도 거제시
한국커리어잡스(주)거제지사,경상남도,경상남도 거제시 거제중앙로29길 11(고현동) 2층,34.889747250000,128.621079300000,경상남도 거제시
퍼스트인잡 거제점,경상남도,경상남도 거제시 서문로6길 1(고현동) 3층,34.888764100000,128.621111200000,경상남도 거제시
고성고용센터,경상남도,경상남도 고성군 고성읍 동외로 175,34.977826540000,128.326248800000,경상남도 고성군
진주상공회의소,경상남도,경상남도 진주시 동진로 255(상대동) 3층,35.179621410000,128.109225700000,경상남도 진주시
퍼스트인잡(주)진주사무소,경상남도,경상남도 진주시 동진로 34(칠암동) 4층,35.179621410000,128.109225700000,경상남도 진주시
경산고용센터,경북,경북 경산시 경안로 223(경산상공회의소 1층),35.827392919439,128.736064622687,경북 경산시
수원고용센터,경기도,경기도 수원시 팔달구 경수대로 584(인계동) 2~4층,37.277656300000,127.031360900000,경기도 수원시
인지어스(유) 수원지사,경기도,경기도 수원시 팔달구 효원로 288(인계동) 2층,37.260832000000,127.033054600000,경기도 수원시
스탭스(주) 경기센터,경기도,경기도 수원시 팔달구 효원로 303(인계동) 724호,37.261346450000,127.035128000000,경기도 수원시
수원여성인력개발센터,경기도,경기도 수원시 영통구 반달로7번길 40(영통동) 10층,37.253527650000,127.075208400000,경기도 수원시
사회적협동조합 내일로 수원센터,경기도,경기도 수원시 권선구 권선로 472(세류동) 8층,37.259063920000,127.027241300000,경기도 수원시
사단법인 한국고용협회 수원지사,경기도,경기도 수원시 팔달구 매산로2가 권선로 467(매산로2가) 2층,37.264414571447,127.002462839216,경기도 수원시
국제커리어센터 경기화성지점,경기도,경기도 화성시 경기대로 1025-5(병점동) 604호,37.204042810000,127.037719900000,경기도 화성시
(주)코리아잡스원 수원지점,경기도,경기도 수원시 영통구 반달로 26(영통동) 5층,37.251209300000,127.074910000000,경기도 수원시
(주)커리어넷 수원지사,경기도,경기도 수원시 팔달구 매산로2가 매산로 37(매산로2가) 10층,37.266181550000,127.000956500000,경기도 수원시
(주)채움에이치알디 수원지사,경기도,경기도 수원시 영통구 반달로7번길 6(영통동) 504호,37.252333450000,127.073972200000,경기도 수원시
(주)조인스잡 수원지사,경기도,경기도 수원시 영통구 청명남로 6-1(영통동) 2층,37.250605550000,127.073868000000,경기도 수원시
(주)제니엘 수원지점,경기도,경기도 수원시 영통구 매영로345번길 111(영통동) 2동 5층,37.256178230026,127.073659568784,경기도 수원시
(주)잡연세인재개발원,경기도,경기도 수원시 장안구 정조로 940-1(영화동) 2층,37.291547500000,127.012567600000,경기도 수원시
(주)잡모아 수원지점,경기도,경기도 수원시 장안구 서부로 2183(율전동) 3층,37.303228294245,126.972653472323,경기도 수원시
(주)명은커리어 경기지사,경기도,경기도 수원시 팔달구 매산로1가 덕영대로 905(매산로1가) 603호,37.266722700000,127.000697700000,경기도 수원시
수원상공회의소,경기도,경기도 수원시 장안구 수성로 311(정자동),37.294917410000,127.015865100000,경기도 수원시
용인고용센터,경기도,경기도 용인시 기흥구 강남로 3(구갈동) 2~4층,37.271005500000,127.126027000000,경기도 용인시
(사)한국고용복지센터 용인,경기도,경기도 용인시 수지구 풍덕천로129번길 9(풍덕천동) 3층,37.323899850000,127.095246700000,경기도 용인시
(주)굿잡 용인지사,경기도,경기도 용인시 기흥구 기흥로14번길 10-4(구갈동) 3층,37.277192553327,127.116915986505,경기도 용인시
(주)맥시머스 용인지점,경기도,경기도 용인시 기흥구 강남로 13(구갈동) 2층 1호,37.271844531956,127.127048442952,경기도 용인시
(주)제니엘 용인지점,경기도,"경기도 용인시 기흥구 강남동로 6(구갈동) 901, 902호",37.270700120000,127.134122800000,경기도 용인시
(주)제이엠커리어 용인지사,경기도,경기도 용인시 수지구 문정로 40(풍덕천동) 802호,37.324180950000,127.094946900000,경기도 용인시
스탭스(주) 용인센터,경기도,경기도 용인시 기흥구 중부대로 563(구갈동) 301호,37.271370773814,127.125689500278,경기도 용인시
(주)코리아잡스원 용인,경기도,경기도 용인시 기흥구 중부대로 579(구갈동) 304호,37.272002010000,127.125610600000,경기도 용인시
화성고용센터,경기도,경기도 화성시 봉담읍 동화길 85 이원타워 7층 화성고용센터,37.216927131812,126.958383210881,경기도 화성시
(주)제이오비화성지점,경기도,경기도 화성시 향남읍 발안로 101 602호,37.131821284354,126.921614632189,경기도 화성시
사회적협동조합내일로화성센터,경기도,경기도 화성시 봉담읍 동화길 85 501호,37.216927131812,126.958383210881,경기도 화성시
사단법인 이엘티에스연구원 화성지사,경기도,경기도 화성시 봉담읍 동화길 91 801호,37.216573547850,126.958864147326,경기도 화성시
김포고용센터,경기도,경기도 김포시 김포한강4로 125(장기동) 월드타워빌딩 3~5층,37.644639300000,126.667052000000,경기도 김포시
(주)명은커리어 김포센터,경기도,경기도 김포시 김포대로 835(사우동) 503호,37.619201850000,126.720585400000,경기도 김포시
(주)미래고용정보 구래사무소,경기도,경기도 김포시 김포한강4로 507(구래동) 계림M스퀘어 312호,37.646107550000,126.627527000000,경기도 김포시
(주)미래고용정보 김포사무소,경기도,경기도 김포시 김포대로 841(사우동) 201호,37.619517900000,126.720004500000,경기도 김포시
(주)미래고용정보 장기사무소,경기도,경기도 김포시 김포한강4로 113(장기동) 904호,37.643898550000,126.668487500000,경기도 김포시
(주)채움에이치알디 김포지사,경기도,경기도 김포시 김포한강1로51번길 28(장기동) 1동 202호,37.644101550000,126.667048100000,경기도 김포시
부천고용센터,경기도,경기도 부천시 길주로 351(중동) -,37.503112491887,126.781440283944,경기도 부천시
(주)맥시머스 부천지점,경기도,경기도 부천시 부일로221번길 26(상동) 508호,37.489506900000,126.755112500000,경기도 부천시
(주)이노스잡 부천지점,경기도,경기도 부천시 상동로 81(상동) 502호,37.504608550000,126.752371400000,경기도 부천시
(주)잡모아 부천지점,경기도,경기도 부천시 길주로 275(중동) 304호,37.503905387187,126.773318974917,경기도 부천시
(주)커리어넷 부천지사,경기도,경기도 부천시 부일로 314(상동) 4층,37.488437250000,126.755374200000,경기도 부천시
케이잡스 부천지사,경기도,경기도 부천시 경인로 520(괴안동) 5층,37.484430000000,126.812957600000,경기도 부천시
스탭스(주)부천센터,경기도,경기도 부천시 길주로 276(중동) 1001호,37.502945050000,126.772859600000,경기도 부천시
부천시노동복지회관,경기도,경기도 부천시 길주로 195(중동) 601호,37.505078950000,126.764209500000,경기도 부천시
부천시근로자종합복지관,경기도,경기도 부천시 계남로 336(중동),37.508523620000,126.761557700000,경기도 부천시
광명고용센터,경기도,"경기도 광명시 시청로 15(철산동, 힐팰리스) 광명고용복지플러스센터 1~2층",37.486901460000,126.866965100000,경기도 광명시
(주)잡모아 광명지점,경기도,경기도 광명시 오리로 902(철산동) 7층 702호,37.475763370000,126.865738600000,경기도 광명시
(주)채움에이치알디 광명지사,경기도,경기도 광명시 오리로 1001(광명동) 3층,37.475763370000,126.865738600000,경기도 광명시
(주)휴먼잡트러스트 광명지점,경기도,"경기도 광명시 오리로 902(철산동) 505,506호",37.475763370000,126.865738600000,경기도 광명시
의왕고용센터,경기도,경기도 의왕시 안양판교로 89(포일동) 2층,37.392003090000,127.046449800000,경기도 의왕시
(주)코리아잡스원 의왕지점,경기도,경기도 의왕시 갈미2로 36(내손동) 303호,37.378885890000,126.972856600000,경기도 의왕시
안양고용센터,경기도,경기도 안양시 만안구 안양로 303(안양동) 메쎄포스빌타워 3~4층,37.388851740000,126.929721700000,경기도 안양시
(주)리부트코리아안양센터,경기도,경기도 안양시 만안구 만안로 216(안양동) 옵틱빌딩 4층,37.392984450000,126.930877500000,경기도 안양시
(주)잡모아 안양지점,경기도,경기도 안양시 만안구 안양로 307(안양동) 1002호,37.424871150000,126.905548400000,경기도 안양시
(주)커리어넷 안양지사,경기도,경기도 안양시 만안구 안양로 339(안양동) 401~402호,37.388851740000,126.929721700000,경기도 안양시
스탭스(주)안양센터,경기도,경기도 안양시 동안구 시민대로 167(비산동) 1205호,37.391800820000,126.953040000000,경기도 안양시
사회적협동조합내일로 안양센터,경기도,경기도 안양시 만안구 안양로 303(안양동) 810호,37.398796609812,126.920790701382,경기도 안양시
국제커리어센터 경기안양,경기도,경기도 안양시 만안구 안양로 336(안양동) 401호,37.388851740000,126.929721700000,경기도 안양시
(주)리부트코리아안양센터,경기도,경기도 안양시 만안구 만안로 216(안양동) 4층,37.392984450000,126.930877500000,경기도 안양시
군포고용센터,경기도,경기도 군포시 군포로 522-1(당동),37.352299050000,126.944938500000,경기도 군포시
(주)코리아잡스원 군포지점,경기도,경기도 군포시 군포로 739-1(산본동) 401호,37.371256100000,126.943071800000,경기도 군포시
시흥고용센터,경기도,경기도 시흥시 마유로418번길 18(정왕동) 정왕프라자 3층,37.351152350000,126.742914200000,경기도 시흥시
(사)한국고용복지센터 시흥,경기도,경기도 시흥시 마유로 416(정왕동) 405호,37.351586100000,126.741243000000,경기도 시흥시
(주)맥시머스 시흥지점,경기도,"경기도 시흥시 수인로3312번길 16(대야동, 시흥 센트럴 푸르지오) 티동 6층 805,806호",37.439688520000,126.788656600000,경기도 시흥시
(주)제니엘 시흥지점,경기도,경기도 시흥시 중심상가2길 12-2(정왕동) 우성프라자 3층 303호,37.345541215919,126.736474785719,경기도 시흥시
(주)제이오비 시흥지점,경기도,경기도 시흥시 마유로418번길 18(정왕동) 505호,37.351152350000,126.742914200000,경기도 시흥시
시흥여성인력개발센터,경기도,"경기도 시흥시 비둘기공원7길 51(대야동) 6,7층",37.441633480581,126.791902135367,경기도 시흥시
안산고용센터,경기도,경기도 안산시 단원구 원고잔로 11(고잔동),37.319335280000,126.827846200000,경기도 안산시
(사)한국고용서비스진흥원 안산,경기도,경기도 안산시 단원구 고잔로 76(고잔동) 6층 604호,37.319227600000,126.832174000000,경기도 안산시
(주)굿잡 안산지사,경기도,경기도 안산시 단원구 중앙대로 829(고잔동) 201호,37.332276300000,126.754442500000,경기도 안산시
(주)명은커리어 안산지사,경기도,경기도 안산시 상록구 상록수로 54(본오동) 501호,37.302190550000,126.865932800000,경기도 안산시
(주)커리어넷 안산지사,경기도,경기도 안산시 단원구 고잔로 54(고잔동) 1002호,37.319053100000,126.832136700000,경기도 안산시
사회적협동조합 내일로 안산,경기도,경기도 안산시 단원구 화랑로 402(고잔동) 303호,37.334538000000,126.796910500000,경기도 안산시
국제커리어센터 경기안산지점,경기도,경기도 안산시 상록구 광덕1로 324(사동) 3층,37.306667100000,126.845942500000,경기도 안산시
(주)휴먼잡트러스트 안산지점,경기도,경기도 안산시 단원구 고잔로 51(고잔동) 303호,37.319227600000,126.832174000000,경기도 안산시
의정부고용센터,경기도,"경기도 의정부시 시민로 49(가능동, 신동아파라디움) 1~2층",37.738703697426,127.040532342183,경기도 의정부시
(주)국제커리어센터 경기의정부점,경기도,경기도 의정부시 체육로 298-21(녹양동) 501~502호,37.760142300000,127.041011200000,경기도 의정부시
(주)잡모아 의정부지점,경기도,경기도 의정부시 시민로 80(의정부동) 417호,37.737977450000,127.044407600000,경기도 의정부시
(주)제이엠커리어 의정부지사,경기도,경기도 의정부시 시민로 80(의정부동) 1007호,37.737977450000,127.044407600000,경기도 의정부시
스탭스(주) 의정부센터,경기도,경기도 의정부시 시민로 80(의정부동) 1401호,37.737977450000,127.044407600000,경기도 의정부시
구리고용센터,경기도,경기도 구리시 건원대로 44(인창동) 태영빌딩 2층,37.605064000000,127.140428700000,경기도 구리시
(사)한국고용복지센터_구리,경기도,경기도 구리시 건원대로 36(인창동) 702호,37.604392700000,127.140458600000,경기도 구리시
구리YMCA,경기도,경기도 구리시 건원대로 42(인창동) 507호,37.606672270000,127.139419700000,경기도 구리시
동두천고용센터,경기도,경기도 동두천시 삼육사로 984(생연동) 서경코아 3층,37.909796260000,127.026233200000,경기도 동두천시
(사)한국고용복지센터_동두천,경기도,경기도 동두천시 지행로 65(지행동) 601호,37.892548480000,127.056825600000,경기도 동두천시
남양주고용센터,경기도,"경기도 남양주시 경춘로 953(금곡동) 금마루빌딩 3,4층",37.647479300000,127.234759100000,경기도 남양주시
(사)한국고용복지센터 남양주,경기도,경기도 남양주시 사릉로 14(금곡동) 금곡프라자 406호,37.686335280000,127.170065100000,경기도 남양주시
케이잡스(주) 남양주지사,경기도,경기도 남양주시 경춘로 979(금곡동) 401호,37.647479300000,127.234759100000,경기도 남양주시
경기동부상공회의소,경기도,경기도 남양주시 홍유릉로248번길 39(금곡동) 406호,37.626632160000,127.202359800000,경기도 남양주시
양주고용센터,경기도,경기도 양주시 부흥로 1533(남방동),37.785327500000,127.045797800000,경기도 양주시
(주)명은커리어 북부지사,경기도,경기도 양주시 고읍남로 6-10(광사동) 303호,37.791504420000,127.085099400000,경기도 양주시
스탭스(주) 양주센터,경기도,경기도 양주시 고읍남로 5-10(광사동) 202호,37.791504420000,127.085099400000,경기도 양주시
포천고용센터,경기도,경기도 포천시 중앙로 62(신읍동) 1층,37.892612116695,127.199786083056,경기도 포천시
(주)미래고용정보 대진대사무소,경기도,"경기도 포천시 호국로 1007(선단동) 112,112-1,113호",37.779312130000,127.116553500000,경기도 포천시
이천고용센터,경기도,경기도 이천시 이섭대천로 1309(창전동),37.215941200000,127.394412900000,경기도 이천시
(사)한국고용서비스진흥원_이천,경기도,경기도 이천시 애련정로87번길 52(창전동) 401호,37.279063480000,127.448539200000,경기도 이천시
(주)맥시머스_여주대지점,경기도,경기도 여주시 세종로 338(교동) 107호,37.258882670000,127.644928000000,경기도 여주시
성남고용센터,경기도,경기도 성남시 분당구 성남대로 146(구미동),37.348922850000,127.109577000000,경기도 성남시
(사)한국고용서비스진흥원_성남,경기도,경기도 성남시 분당구 성남대로926번길 12(야탑동) 금탑프라자 601호,37.412819950000,127.129799400000,경기도 성남시
(주)굿잡_성남,경기도,경기도 성남시 수정구 산성대로 373(단대동) MG제일빌딩 405~6호,37.447262610000,127.157867300000,경기도 성남시
(주)잡모아_성남,경기도,경기도 성남시 중원구 성남동 3208 외 1필지 성남동 메디칼센타 503호,37.433186413432,127.129693291799,경기도 성남시
(주)제니엘 성남지점,경기도,경기도 성남시 분당구 성남대로 165(금곡동) 천사의도시 오피스텔 301-2호,37.350756643822,127.108327602418,경기도 성남시
(주)지오코칭 성남지사,경기도,경기도 성남시 분당구 야탑로81번길 10(야탑동) 507호,37.410566450000,127.128207700000,경기도 성남시
인지어스(유)_성남,경기도,경기도 성남시 수정구 산성대로 95(수진동) -,37.434263784791,127.129586566792,경기도 성남시
스탭스(주)_성남,경기도,경기도 성남시 수정구 성남대로 1170(수진동) 402호,37.434462850000,127.129193100000,경기도 성남시
사회적협동조합내일로_성남,경기도,경기도 성남시 분당구 성남대로 170(금곡동) 405호,37.351144000000,127.109508900000,경기도 성남시
국제커리어센터_성남,경기도,경기도 성남시 분당구 미금일로90번길 32(구미동) 221호,37.348955700000,127.110485100000,경기도 성남시
(주)커리어넷_성남,경기도,경기도 성남시 분당구 야탑로81번길 10(야탑동) 711호,37.410566450000,127.128207700000,경기도 성남시
하남고용센터,경기도,경기도 하남시 미사강변대로 52(풍산동),37.554660668450,127.186529604818,경기도 하남시
(사)한국고용복지센터_하남,경기도,경기도 하남시 하남대로 804(신장동) 3층,37.530612630000,127.220329400000,경기도 하남시
(사)한국고용서비스진흥원_하남,경기도,경기도 하남시 미사강변대로34번길 90(풍산동) 메인프라자 409호,37.556521418478,127.188225074790,경기도 하남시
경기광주고용센터,경기도,경기도 광주시 광주대로 62(경안동),37.412197274065,127.260732646321,경기도 광주시
(주)굿잡_경기광주,경기도,경기도 광주시 광주대로 9(역동) 선화빌딩 5층,37.426165060000,127.257871800000,경기도 광주시
(주)지에스씨넷_경기광주,경기도,경기도 광주시 파발로59번길 30(경안동) 3층,37.412461700000,127.261419700000,경기도 광주시
양평고용센터,경기도,경기도 양평군 양평읍 중앙로111번길 11,37.494567900000,127.501479900000,경기도 양평군
여주고용센터,경기도,경기도 여주시 여흥로109번길 15(창동) 5층,37.297078791317,127.635883524290,경기도 여주시
평택고용센터,경기도,경기도 평택시 경기대로 1194(이충동) 장당프라자 2층,37.053250150000,127.060401000000,경기도 평택시
(주)리부트코리아 평택센터,경기도,경기도 평택시 원평로 40-7(평택동) 4층,36.989817450000,127.084897500000,경기도 평택시
(주)제니엘 평택지점,경기도,경기도 평택시 중앙2로 13(평택동) 301호,36.991166610000,127.093475700000,경기도 평택시
(주)조인스잡,경기도,"경기도 평택시 경기대로 1371(서정동) 603, 604호",37.007515390000,127.079158100000,경기도 평택시
안성고용센터,경기도,경기도 안성시 장기로 131(봉산동) 3층,37.004791210000,127.278543200000,경기도 안성시
(주)리부트코리아 안성센터,경기도,경기도 안성시 아양로 2(석정동) 2층,37.005249380000,127.259155400000,경기도 안성시
오산고용센터,경기도,경기도 오산시 경기동로 51(오산동) 오산고용센터,37.158894640000,127.096317100000,경기도 오산시
(주)제이오비,경기도,경기도 오산시 운천로 74(오산동) 5층,37.149340400000,127.074784300000,경기도 오산시
(주)조인스잡오산지사,경기도,경기도 오산시 운암로 17(원동) 501호,37.153788270000,127.077250000000,경기도 오산시
고양고용센터,경기도,경기도 고양시 일산동구 고봉로 32-16(장항동),37.664193200000,126.765968100000,경기도 고양시
(사)고양시새마을회,경기도,경기도 고양시 일산동구 무궁화로 106(정발산동) 새마을회관 3층,37.666907900000,126.774555200000,경기도 고양시
(주)맥시머스 고양지점,경기도,경기도 고양시 일산동구 정발산로 43-20(장항동) 505호,37.658347750000,126.773571500000,경기도 고양시
(주)명은커리어,경기도,"경기도 고양시 일산동구 정발산로 43-20(장항동) 905,906호",37.658347750000,126.773571500000,경기도 고양시
(주)명은커리어화정센터,경기도,경기도 고양시 덕양구 화중로 54(화정동) 3층 303호,37.631947500000,126.830702700000,경기도 고양시
(주)조인스잡_고양센터,경기도,경기도 고양시 덕양구 무원로6번길 50(행신동) 603호,37.614694800000,126.833709400000,경기도 고양시
(주)채움에이치알디 고양지사,경기도,경기도 고양시 일산서구 강성로 121(주엽동) 403호,37.670579050000,126.762145800000,경기도 고양시
(주)커리어넷 고양지사,경기도,경기도 고양시 일산동구 장백로 172(장항동) 405호,37.650285450000,126.777819000000,경기도 고양시
스탭스(주)고양센터,경기도,경기도 고양시 일산서구 중앙로 1560(대화동) 304호,37.676053100000,126.748671800000,경기도 고양시
사회적협동조합내일로고양센터,경기도,경기도 고양시 덕양구 화정로 65-1(화정동) 406호,37.635391850000,126.833168300000,경기도 고양시
국제커리어센터 경기고양,경기도,경기도 고양시 일산동구 중앙로1275번길 38-15(장항동) 402호,37.659894300000,126.770107600000,경기도 고양시
고양여성인력개발센터,경기도,경기도 고양시 일산서구 강성로 247(대화동) 9층,37.676079000000,126.749447900000,경기도 고양시
고양상공회의소,경기도,경기도 고양시 일산동구 중앙로1275번길 38-31(장항동) 401호,37.660464400000,126.769616200000,경기도 고양시
파주고용센터,경기도,경기도 파주시 중앙로 328(금촌동) MH타워 8층,37.764879357800,126.774526348385,경기도 파주시
(주)명은커리어파주센터,경기도,"경기도 파주시 중앙로 328(금촌동) 3층 302호, 302A호",37.760653120000,126.777062500000,경기도 파주시
(주)미래고용정보파주지사,경기도,경기도 파주시 경의로 1068(야당동),37.712592000000,126.759678000000,경기도 파주시
(주)지에스씨넷파주지점,경기도,경기도 파주시 새꽃로 204(금촌동) 2층,37.754796240000,126.768623000000,경기도 파주시
가평고용센터,경기도,경기도 가평군 가평읍 가화로 169 1층,37.834408897956,127.510847772370,경기도 가평군
(주)잡모아 부천지점,경기도,경기도 부천시 길주로 275(중동),37.505782210000,126.756092800000,경기도 부천시
(주)제니엘_성남,경기도,경기도 성남시 분당구 성남대로 165(금곡동) 301-2호,37.387644290000,127.127997400000,경기도 성남시
(주)지에스씨넷 고양지점,경기도,경기도 고양시 덕양구 무원로6번길 36(행신동) 304호,37.614027850000,126.833721600000,경기도 고양시
춘천고용센터,강원특별자치도,강원특별자치도 춘천시 퇴계농공로 9(석사동) 넥서스프라자 2~5층,37.848532360000,127.743699500000,강원특별자치도 춘천시
(주)맥시머스 춘천지점,강원특별자치도,강원특별자치도 춘천시 우묵길56번길 24(퇴계동) 202호,37.865330510000,127.723481400000,강원특별자치도 춘천시
사회적협동조합 희망리본 춘천센터,강원특별자치도,강원특별자치도 춘천시 효자로 7-1(퇴계동) 2층,37.871948490000,127.732970500000,강원특별자치도 춘천시
주식회사 드림캐쳐,강원특별자치도,강원특별자치도 춘천시 서부대성로 168-1(효자동) 2층,37.874196670000,127.741283900000,강원특별자치도 춘천시
퍼스트인잡(주) 춘천사무소,강원특별자치도,강원특별자치도 춘천시 동내면 춘천순환로 58 603호,37.855042216304,127.750345293068,강원특별자치도 춘천시
홍천고용센터,강원특별자치도,강원특별자치도 홍천군 홍천읍 홍천로 356 로하스빌딩 7층,37.688732793891,127.885008843451,강원특별자치도 홍천군
삼척고용센터,강원특별자치도,강원특별자치도 삼척시 중앙로 214(남양동) 4층,37.442179929511,129.168178966922,강원특별자치도 삼척시
태백고용센터,강원특별자치도,강원특별자치도 태백시 황지로 119(황지동) 2층 태백고용복지+센터,37.178684730000,128.983822500000,강원특별자치도 태백시
강릉고용센터,강원특별자치도,강원특별자치도 강릉시 강릉대로 176(교동) -,37.764536120000,128.902670600000,강원특별자치도 강릉시
(주)맥시머스 강릉지점,강원특별자치도,강원특별자치도 강릉시 경강로 2241(포남동) 4층,37.747826110000,128.883265100000,강원특별자치도 강릉시
사회적협동조합 희망리본 강릉,강원특별자치도,강원특별자치도 강릉시 교동광장로100번길 17-3(교동) 4층,37.765444580000,128.877186400000,강원특별자치도 강릉시
속초고용센터,강원특별자치도,강원특별자치도 속초시 동해대로 4178(조양동) 엠클리닉빌딩 3층,38.187132660000,128.601152800000,강원특별자치도 속초시
동해고용센터,강원특별자치도,강원특별자치도 동해시 동해대로 4921(나안동) KT북평빌딩 1층,37.478341460000,129.113208300000,강원특별자치도 동해시
원주고용센터,강원특별자치도,강원특별자치도 원주시 서원대로 383(개운동) 2~3층,37.331946800000,127.948473700000,강원특별자치도 원주시
(주)맥시머스 강릉원주대지점,강원특별자치도,강원특별자치도 원주시 흥업면 남원로 150 테이크아웃(19동),37.305199848212,127.922180834517,강원특별자치도 원주시
(주)맥시머스 원주지점,강원특별자치도,강원특별자치도 원주시 평원로 33(중앙동) 중앙메디컬센터 703호,37.347803910000,127.953893200000,강원특별자치도 원주시
(주)제이엠커리어 원주지사,강원특별자치도,강원특별자치도 원주시 능라동길 51(무실동) 314~315호,37.334361300000,127.929525900000,강원특별자치도 원주시
명륜종합사회복지관,강원특별자치도,"강원특별자치도 원주시 예술관길 25(명륜동, 명륜2단지아파트) -",37.332656150000,127.942127200000,강원특별자치도 원주시
사회적협동조합 원주진로교육센터 새움,강원특별자치도,강원특별자치도 원주시 남원로 528-29(단구동) 3층,37.329607550000,127.949495600000,강원특별자치도 원주시
사회적협동조합 희망리본(원주),강원특별자치도,강원특별자치도 원주시 남원로 564(개운동) 4층 5층,37.312118890000,127.928235100000,강원특별자치도 원주시
퍼스트인잡(주)원주사무소,강원특별자치도,강원특별자치도 원주시 능라동길 37(무실동) 405호,37.334361300000,127.929525900000,강원특별자치도 원주시
영월고용센터,강원특별자치도,강원특별자치도 영월군 영월읍 단종로 8,37.187469900000,128.466121000000,강원특별자치도 영월군
